date,homeTeam,awayTeam,homeScore,awayScore
2023-08-11T00:00:00Z,Burnley,Man City,0,3
2023-08-12T00:00:00Z,Arsenal,Nott'm Forest,2,1
2023-08-12T00:00:00Z,Bournemouth,West Ham,1,1
2023-08-12T00:00:00Z,Brighton,Luton,4,1
2023-08-12T00:00:00Z,Everton,Fulham,0,1
2023-08-12T00:00:00Z,Sheffield United,Crystal Palace,0,1
2023-08-12T00:00:00Z,Newcastle,Aston Villa,5,1
2023-08-13T00:00:00Z,Brentford,Tottenham,2,2
2023-08-13T00:00:00Z,Chelsea,Liverpool,1,1
2023-08-14T00:00:00Z,Man United,Wolves,1,0
2023-08-18T00:00:00Z,Nott'm Forest,Sheffield United,2,1
2023-08-19T00:00:00Z,Fulham,Brentford,0,3
2023-08-19T00:00:00Z,Liverpool,Bournemouth,3,1
2023-08-19T00:00:00Z,Wolves,Brighton,1,4
2023-08-19T00:00:00Z,Tottenham,Man United,2,0
2023-08-19T00:00:00Z,Man City,Newcastle,1,0
2023-08-20T00:00:00Z,Aston Villa,Everton,4,0
2023-08-20T00:00:00Z,West Ham,Chelsea,3,1
2023-08-21T00:00:00Z,Crystal Palace,Arsenal,0,1
2023-08-25T00:00:00Z,Chelsea,Luton,3,0
2023-08-26T00:00:00Z,Bournemouth,Tottenham,0,2
2023-08-26T00:00:00Z,Arsenal,Fulham,2,2
2023-08-26T00:00:00Z,Brentford,Crystal Palace,1,1
2023-08-26T00:00:00Z,Everton,Wolves,0,1
2023-08-26T00:00:00Z,Man United,Nott'm Forest,3,2
2023-08-26T00:00:00Z,Brighton,West Ham,1,3
2023-08-27T00:00:00Z,Burnley,Aston Villa,1,3
2023-08-27T00:00:00Z,Sheffield United,Man City,1,2
2023-08-27T00:00:00Z,Newcastle,Liverpool,1,2
2023-09-01T00:00:00Z,Luton,West Ham,1,2
2023-09-02T00:00:00Z,Sheffield United,Everton,2,2
2023-09-02T00:00:00Z,Brentford,Bournemouth,2,2
2023-09-02T00:00:00Z,Burnley,Tottenham,2,5
2023-09-02T00:00:00Z,Chelsea,Nott'm Forest,0,1
2023-09-02T00:00:00Z,Man City,Fulham,5,1
2023-09-02T00:00:00Z,Brighton,Newcastle,3,1
2023-09-03T00:00:00Z,Crystal Palace,Wolves,3,2
2023-09-03T00:00:00Z,Liverpool,Aston Villa,3,0
2023-09-03T00:00:00Z,Arsenal,Man United,3,1
2023-09-16T00:00:00Z,Wolves,Liverpool,1,3
2023-09-16T00:00:00Z,Aston Villa,Crystal Palace,3,1
2023-09-16T00:00:00Z,Fulham,Luton,1,0
2023-09-16T00:00:00Z,Man United,Brighton,1,3
2023-09-16T00:00:00Z,Tottenham,Sheffield United,2,1
2023-09-16T00:00:00Z,West Ham,Man City,1,3
2023-09-16T00:00:00Z,Newcastle,Brentford,1,0
2023-09-17T00:00:00Z,Bournemouth,Chelsea,0,0
2023-09-17T00:00:00Z,Everton,Arsenal,0,1
2023-09-18T00:00:00Z,Nott'm Forest,Burnley,1,1
2023-09-23T00:00:00Z,Crystal Palace,Fulham,0,0
2023-09-23T00:00:00Z,Luton,Wolves,1,1
2023-09-23T00:00:00Z,Man City,Nott'm Forest,2,0
2023-09-23T00:00:00Z,Brentford,Everton,1,3
2023-09-23T00:00:00Z,Burnley,Man United,0,1
2023-09-24T00:00:00Z,Arsenal,Tottenham,2,2
2023-09-24T00:00:00Z,Brighton,Bournemouth,3,1
2023-09-24T00:00:00Z,Chelsea,Aston Villa,0,1
2023-09-24T00:00:00Z,Liverpool,West Ham,3,1
2023-09-24T00:00:00Z,Sheffield United,Newcastle,0,8
2023-09-30T00:00:00Z,Aston Villa,Brighton,6,1
2023-09-30T00:00:00Z,Bournemouth,Arsenal,0,4
2023-09-30T00:00:00Z,Everton,Luton,1,2
2023-09-30T00:00:00Z,Man United,Crystal Palace,0,1
2023-09-30T00:00:00Z,Newcastle,Burnley,2,0
2023-09-30T00:00:00Z,West Ham,Sheffield United,2,0
2023-09-30T00:00:00Z,Wolves,Man City,2,1
2023-09-30T00:00:00Z,Tottenham,Liverpool,2,1
2023-10-01T00:00:00Z,Nott'm Forest,Brentford,1,1
2023-10-02T00:00:00Z,Fulham,Chelsea,0,2
2023-10-03T00:00:00Z,Luton,Burnley,1,2
2023-10-07T00:00:00Z,Luton,Tottenham,0,1
2023-10-07T00:00:00Z,Burnley,Chelsea,1,4
2023-10-07T00:00:00Z,Everton,Bournemouth,3,0
2023-10-07T00:00:00Z,Fulham,Sheffield United,3,1
2023-10-07T00:00:00Z,Man United,Brentford,2,1
2023-10-07T00:00:00Z,Crystal Palace,Nott'm Forest,0,0
2023-10-08T00:00:00Z,Brighton,Liverpool,2,2
2023-10-08T00:00:00Z,West Ham,Newcastle,2,2
2023-10-08T00:00:00Z,Wolves,Aston Villa,1,1
2023-10-08T00:00:00Z,Arsenal,Man City,1,0
2023-10-21T00:00:00Z,Liverpool,Everton,2,0
2023-10-21T00:00:00Z,Bournemouth,Wolves,1,2
2023-10-21T00:00:00Z,Brentford,Burnley,3,0
2023-10-21T00:00:00Z,Man City,Brighton,2,1
2023-10-21T00:00:00Z,Newcastle,Crystal Palace,4,0
2023-10-21T00:00:00Z,Nott'm Forest,Luton,2,2
2023-10-21T00:00:00Z,Chelsea,Arsenal,2,2
2023-10-21T00:00:00Z,Sheffield United,Man United,1,2
2023-10-22T00:00:00Z,Aston Villa,West Ham,4,1
2023-10-23T00:00:00Z,Tottenham,Fulham,2,0
2023-10-27T00:00:00Z,Crystal Palace,Tottenham,1,2
2023-10-28T00:00:00Z,Chelsea,Brentford,0,2
2023-10-28T00:00:00Z,Arsenal,Sheffield United,5,0
2023-10-28T00:00:00Z,Bournemouth,Burnley,2,1
2023-10-28T00:00:00Z,Wolves,Newcastle,2,2
2023-10-29T00:00:00Z,West Ham,Everton,0,1
2023-10-29T00:00:00Z,Aston Villa,Luton,3,1
2023-10-29T00:00:00Z,Brighton,Fulham,1,1
2023-10-29T00:00:00Z,Liverpool,Nott'm Forest,3,0
2023-10-29T00:00:00Z,Man United,Man City,0,3
2023-11-04T00:00:00Z,Fulham,Man United,0,1
2023-11-04T00:00:00Z,Brentford,West Ham,3,2
2023-11-04T00:00:00Z,Burnley,Crystal Palace,0,2
2023-11-04T00:00:00Z,Everton,Brighton,1,1
2023-11-04T00:00:00Z,Man City,Bournemouth,6,1
2023-11-04T00:00:00Z,Sheffield United,Wolves,2,1
2023-11-04T00:00:00Z,Newcastle,Arsenal,1,0
2023-11-05T00:00:00Z,Nott'm Forest,Aston Villa,2,0
2023-11-05T00:00:00Z,Luton,Liverpool,1,1
2023-11-06T00:00:00Z,Tottenham,Chelsea,1,4
2023-11-11T00:00:00Z,Wolves,Tottenham,2,1
2023-11-11T00:00:00Z,Arsenal,Burnley,3,1
2023-11-11T00:00:00Z,Crystal Palace,Everton,2,3
2023-11-11T00:00:00Z,Man United,Luton,1,0
2023-11-11T00:00:00Z,Bournemouth,Newcastle,2,0
2023-11-12T00:00:00Z,Aston Villa,Fulham,3,1
2023-11-12T00:00:00Z,Brighton,Sheffield United,1,1
2023-11-12T00:00:00Z,Liverpool,Brentford,3,0
2023-11-12T00:00:00Z,West Ham,Nott'm Forest,3,2
2023-11-12T00:00:00Z,Chelsea,Man City,4,4
2023-11-25T00:00:00Z,Man City,Liverpool,1,1
2023-11-25T00:00:00Z,Burnley,West Ham,1,2
2023-11-25T00:00:00Z,Luton,Crystal Palace,2,1
2023-11-25T00:00:00Z,Newcastle,Chelsea,4,1
2023-11-25T00:00:00Z,Nott'm Forest,Brighton,2,3
2023-11-25T00:00:00Z,Sheffield United,Bournemouth,1,3
2023-11-25T00:00:00Z,Brentford,Arsenal,0,1
2023-11-26T00:00:00Z,Tottenham,Aston Villa,1,2
2023-11-26T00:00:00Z,Everton,Man United,0,3
2023-11-27T00:00:00Z,Fulham,Wolves,3,2
2023-12-02T00:00:00Z,Arsenal,Wolves,2,1
2023-12-02T00:00:00Z,Brentford,Luton,3,1
2023-12-02T00:00:00Z,Burnley,Sheffield United,5,0
2023-12-02T00:00:00Z,Nott'm Forest,Everton,0,1
2023-12-02T00:00:00Z,Newcastle,Man United,1,0
2023-12-03T00:00:00Z,Bournemouth,Aston Villa,2,2
2023-12-03T00:00:00Z,Chelsea,Brighton,3,2
2023-12-03T00:00:00Z,Liverpool,Fulham,4,3
2023-12-03T00:00:00Z,West Ham,Crystal Palace,1,1
2023-12-03T00:00:00Z,Man City,Tottenham,3,3
2023-12-05T00:00:00Z,Wolves,Burnley,1,0
2023-12-05T00:00:00Z,Luton,Arsenal,3,4
2023-12-06T00:00:00Z,Brighton,Brentford,2,1
2023-12-06T00:00:00Z,Crystal Palace,Bournemouth,0,2
2023-12-06T00:00:00Z,Fulham,Nott'm Forest,5,0
2023-12-06T00:00:00Z,Sheffield United,Liverpool,0,2
2023-12-06T00:00:00Z,Aston Villa,Man City,1,0
2023-12-06T00:00:00Z,Man United,Chelsea,2,1
2023-12-07T00:00:00Z,Everton,Newcastle,3,0
2023-12-07T00:00:00Z,Tottenham,West Ham,1,2
2023-12-09T00:00:00Z,Crystal Palace,Liverpool,1,2
2023-12-09T00:00:00Z,Brighton,Burnley,1,1
2023-12-09T00:00:00Z,Man United,Bournemouth,0,3
2023-12-09T00:00:00Z,Sheffield United,Brentford,1,0
2023-12-09T00:00:00Z,Wolves,Nott'm Forest,1,1
2023-12-09T00:00:00Z,Aston Villa,Arsenal,1,0
2023-12-10T00:00:00Z,Everton,Chelsea,2,0
2023-12-10T00:00:00Z,Fulham,West Ham,5,0
2023-12-10T00:00:00Z,Luton,Man City,1,2
2023-12-10T00:00:00Z,Tottenham,Newcastle,4,1
2023-12-15T00:00:00Z,Nott'm Forest,Tottenham,0,2
2023-12-16T00:00:00Z,Chelsea,Sheffield United,2,0
2023-12-16T00:00:00Z,Man City,Crystal Palace,2,2
2023-12-16T00:00:00Z,Newcastle,Fulham,3,0
2023-12-16T00:00:00Z,Burnley,Everton,0,2
2023-12-17T00:00:00Z,Arsenal,Brighton,2,0
2023-12-17T00:00:00Z,Brentford,Aston Villa,1,2
2023-12-17T00:00:00Z,West Ham,Wolves,3,0
2023-12-17T00:00:00Z,Liverpool,Man United,0,0
2023-12-21T00:00:00Z,Crystal Palace,Brighton,1,1
2023-12-22T00:00:00Z,Aston Villa,Sheffield United,1,1
2023-12-23T00:00:00Z,West Ham,Man United,2,0
2023-12-23T00:00:00Z,Fulham,Burnley,0,2
2023-12-23T00:00:00Z,Luton,Newcastle,1,0
2023-12-23T00:00:00Z,Nott'm Forest,Bournemouth,2,3
2023-12-23T00:00:00Z,Tottenham,Everton,2,1
2023-12-23T00:00:00Z,Liverpool,Arsenal,1,1
2023-12-24T00:00:00Z,Wolves,Chelsea,2,1
2023-12-26T00:00:00Z,Newcastle,Nott'm Forest,1,3
2023-12-26T00:00:00Z,Bournemouth,Fulham,3,0
2023-12-26T00:00:00Z,Sheffield United,Luton,2,3
2023-12-26T00:00:00Z,Burnley,Liverpool,0,2
2023-12-26T00:00:00Z,Man United,Aston Villa,3,2
2023-12-27T00:00:00Z,Brentford,Wolves,1,4
2023-12-27T00:00:00Z,Chelsea,Crystal Palace,2,1
2023-12-27T00:00:00Z,Everton,Man City,1,3
2023-12-28T00:00:00Z,Brighton,Tottenham,4,2
2023-12-28T00:00:00Z,Arsenal,West Ham,0,2
2023-12-30T00:00:00Z,Luton,Chelsea,2,3
2023-12-30T00:00:00Z,Aston Villa,Burnley,3,2
2023-12-30T00:00:00Z,Crystal Palace,Brentford,3,1
2023-12-30T00:00:00Z,Man City,Sheffield United,2,0
2023-12-30T00:00:00Z,Wolves,Everton,3,0
2023-12-30T00:00:00Z,Nott'm Forest,Man United,2,1
2023-12-31T00:00:00Z,Fulham,Arsenal,2,1
2023-12-31T00:00:00Z,Tottenham,Bournemouth,3,1
2024-01-01T00:00:00Z,Liverpool,Newcastle,4,2
2024-01-02T00:00:00Z,West Ham,Brighton,0,0
2024-01-12T00:00:00Z,Burnley,Luton,1,1
2024-01-13T00:00:00Z,Chelsea,Fulham,1,0
2024-01-13T00:00:00Z,Newcastle,Man City,2,3
2024-01-14T00:00:00Z,Everton,Aston Villa,0,0
2024-01-14T00:00:00Z,Man United,Tottenham,2,2
2024-01-20T00:00:00Z,Arsenal,Crystal Palace,5,0
2024-01-20T00:00:00Z,Brentford,Nott'm Forest,3,2
2024-01-21T00:00:00Z,Sheffield United,West Ham,2,2
2024-01-21T00:00:00Z,Bournemouth,Liverpool,0,4
2024-01-22T00:00:00Z,Brighton,Wolves,0,0
2024-01-30T00:00:00Z,Nott'm Forest,Arsenal,1,2
2024-01-30T00:00:00Z,Fulham,Everton,0,0
2024-01-30T00:00:00Z,Luton,Brighton,4,0
2024-01-30T00:00:00Z,Crystal Palace,Sheffield United,3,2
2024-01-30T00:00:00Z,Aston Villa,Newcastle,1,3
2024-01-31T00:00:00Z,Man City,Burnley,3,1
2024-01-31T00:00:00Z,Tottenham,Brentford,3,2
2024-01-31T00:00:00Z,Liverpool,Chelsea,4,1
2024-02-01T00:00:00Z,West Ham,Bournemouth,1,1
2024-02-01T00:00:00Z,Wolves,Man United,3,4
2024-02-03T00:00:00Z,Everton,Tottenham,2,2
2024-02-03T00:00:00Z,Brighton,Crystal Palace,4,1
2024-02-03T00:00:00Z,Burnley,Fulham,2,2
2024-02-03T00:00:00Z,Newcastle,Luton,4,4
2024-02-03T00:00:00Z,Sheffield United,Aston Villa,0,5
2024-02-04T00:00:00Z,Bournemouth,Nott'm Forest,1,1
2024-02-04T00:00:00Z,Chelsea,Wolves,2,4
2024-02-04T00:00:00Z,Man United,West Ham,3,0
2024-02-04T00:00:00Z,Arsenal,Liverpool,3,1
2024-02-05T00:00:00Z,Brentford,Man City,1,3
2024-02-10T00:00:00Z,Man City,Everton,2,0
2024-02-10T00:00:00Z,Fulham,Bournemouth,3,1
2024-02-10T00:00:00Z,Liverpool,Burnley,3,1
2024-02-10T00:00:00Z,Luton,Sheffield United,1,3
2024-02-10T00:00:00Z,Tottenham,Brighton,2,1
2024-02-10T00:00:00Z,Wolves,Brentford,0,2
2024-02-10T00:00:00Z,Nott'm Forest,Newcastle,2,3
2024-02-11T00:00:00Z,West Ham,Arsenal,0,6
2024-02-11T00:00:00Z,Aston Villa,Man United,1,2
2024-02-12T00:00:00Z,Crystal Palace,Chelsea,1,3
2024-02-17T00:00:00Z,Brentford,Liverpool,1,4
2024-02-17T00:00:00Z,Burnley,Arsenal,0,5
2024-02-17T00:00:00Z,Fulham,Aston Villa,1,2
2024-02-17T00:00:00Z,Newcastle,Bournemouth,2,2
2024-02-17T00:00:00Z,Nott'm Forest,West Ham,2,0
2024-02-17T00:00:00Z,Tottenham,Wolves,1,2
2024-02-17T00:00:00Z,Man City,Chelsea,1,1
2024-02-18T00:00:00Z,Sheffield United,Brighton,0,5
2024-02-18T00:00:00Z,Luton,Man United,1,2
2024-02-19T00:00:00Z,Everton,Crystal Palace,1,1
2024-02-20T00:00:00Z,Man City,Brentford,1,0
2024-02-21T00:00:00Z,Liverpool,Luton,4,1
2024-02-24T00:00:00Z,Aston Villa,Nott'm Forest,4,2
2024-02-24T00:00:00Z,Brighton,Everton,1,1
2024-02-24T00:00:00Z,Crystal Palace,Burnley,3,0
2024-02-24T00:00:00Z,Man United,Fulham,1,2
2024-02-24T00:00:00Z,Bournemouth,Man City,0,1
2024-02-24T00:00:00Z,Arsenal,Newcastle,4,1
2024-02-25T00:00:00Z,Wolves,Sheffield United,1,0
2024-02-26T00:00:00Z,West Ham,Brentford,4,2
2024-03-02T00:00:00Z,Brentford,Chelsea,2,2
2024-03-02T00:00:00Z,Everton,West Ham,1,3
2024-03-02T00:00:00Z,Fulham,Brighton,3,0
2024-03-02T00:00:00Z,Newcastle,Wolves,3,0
2024-03-02T00:00:00Z,Nott'm Forest,Liverpool,0,1
2024-03-02T00:00:00Z,Tottenham,Crystal Palace,3,1
2024-03-02T00:00:00Z,Luton,Aston Villa,2,3
2024-03-03T00:00:00Z,Burnley,Bournemouth,0,2
2024-03-03T00:00:00Z,Man City,Man United,3,1
2024-03-04T00:00:00Z,Sheffield United,Arsenal,0,6
2024-03-09T00:00:00Z,Man United,Everton,2,0
2024-03-09T00:00:00Z,Bournemouth,Sheffield United,2,2
2024-03-09T00:00:00Z,Crystal Palace,Luton,1,1
2024-03-09T00:00:00Z,Wolves,Fulham,2,1
2024-03-09T00:00:00Z,Arsenal,Brentford,2,1
2024-03-10T00:00:00Z,Aston Villa,Tottenham,0,4
2024-03-10T00:00:00Z,Brighton,Nott'm Forest,1,0
2024-03-10T00:00:00Z,West Ham,Burnley,2,2
2024-03-10T00:00:00Z,Liverpool,Man City,1,1
2024-03-11T00:00:00Z,Chelsea,Newcastle,3,2
2024-03-13T00:00:00Z,Bournemouth,Luton,4,3
2024-03-16T00:00:00Z,Burnley,Brentford,2,1
2024-03-16T00:00:00Z,Luton,Nott'm Forest,1,1
2024-03-16T00:00:00Z,Fulham,Tottenham,3,0
2024-03-17T00:00:00Z,West Ham,Aston Villa,1,1
2024-03-30T00:00:00Z,Newcastle,West Ham,4,3
2024-03-30T00:00:00Z,Bournemouth,Everton,2,1
2024-03-30T00:00:00Z,Chelsea,Burnley,2,2
2024-03-30T00:00:00Z,Nott'm Forest,Crystal Palace,1,1
2024-03-30T00:00:00Z,Sheffield United,Fulham,3,3
2024-03-30T00:00:00Z,Tottenham,Luton,2,1
2024-03-30T00:00:00Z,Aston Villa,Wolves,2,0
2024-03-30T00:00:00Z,Brentford,Man United,1,1
2024-03-31T00:00:00Z,Liverpool,Brighton,2,1
2024-03-31T00:00:00Z,Man City,Arsenal,0,0
2024-04-02T00:00:00Z,Newcastle,Everton,1,1
2024-04-02T00:00:00Z,Nott'm Forest,Fulham,3,1
2024-04-02T00:00:00Z,Bournemouth,Crystal Palace,1,0
2024-04-02T00:00:00Z,Burnley,Wolves,1,1
2024-04-02T00:00:00Z,West Ham,Tottenham,1,1
2024-04-03T00:00:00Z,Arsenal,Luton,2,0
2024-04-03T00:00:00Z,Brentford,Brighton,0,0
2024-04-03T00:00:00Z,Man City,Aston Villa,4,1
2024-04-04T00:00:00Z,Liverpool,Sheffield United,3,1
2024-04-04T00:00:00Z,Chelsea,Man United,4,3
2024-04-06T00:00:00Z,Crystal Palace,Man City,2,4
2024-04-06T00:00:00Z,Aston Villa,Brentford,3,3
2024-04-06T00:00:00Z,Everton,Burnley,1,0
2024-04-06T00:00:00Z,Fulham,Newcastle,0,1
2024-04-06T00:00:00Z,Luton,Bournemouth,2,1
2024-04-06T00:00:00Z,Wolves,West Ham,1,2
2024-04-06T00:00:00Z,Brighton,Arsenal,0,3
2024-04-07T00:00:00Z,Man United,Liverpool,2,2
2024-04-07T00:00:00Z,Sheffield United,Chelsea,2,2
2024-04-07T00:00:00Z,Tottenham,Nott'm Forest,3,1
2024-04-13T00:00:00Z,Newcastle,Tottenham,4,0
2024-04-13T00:00:00Z,Brentford,Sheffield United,2,0
2024-04-13T00:00:00Z,Burnley,Brighton,1,1
2024-04-13T00:00:00Z,Man City,Luton,5,1
2024-04-13T00:00:00Z,Nott'm Forest,Wolves,2,2
2024-04-13T00:00:00Z,Bournemouth,Man United,2,2
2024-04-14T00:00:00Z,Liverpool,Crystal Palace,0,1
2024-04-14T00:00:00Z,West Ham,Fulham,0,2
2024-04-14T00:00:00Z,Arsenal,Aston Villa,0,2
2024-04-15T00:00:00Z,Chelsea,Everton,6,0
2024-04-20T00:00:00Z,Luton,Brentford,1,5
2024-04-20T00:00:00Z,Sheffield United,Burnley,1,4
2024-04-20T00:00:00Z,Wolves,Arsenal,0,2
2024-04-21T00:00:00Z,Everton,Nott'm Forest,2,0
2024-04-21T00:00:00Z,Aston Villa,Bournemouth,3,1
2024-04-21T00:00:00Z,Crystal Palace,West Ham,5,2
2024-04-21T00:00:00Z,Fulham,Liverpool,1,3
2024-04-23T00:00:00Z,Arsenal,Chelsea,5,0
2024-04-24T00:00:00Z,Wolves,Bournemouth,0,1
2024-04-24T00:00:00Z,Crystal Palace,Newcastle,2,0
2024-04-24T00:00:00Z,Everton,Liverpool,2,0
2024-04-24T00:00:00Z,Man United,Sheffield United,4,2
2024-04-25T00:00:00Z,Brighton,Man City,0,4
2024-04-27T00:00:00Z,West Ham,Liverpool,2,2
2024-04-27T00:00:00Z,Fulham,Crystal Palace,1,1
2024-04-27T00:00:00Z,Man United,Burnley,1,1
2024-04-27T00:00:00Z,Newcastle,Sheffield United,5,1
2024-04-27T00:00:00Z,Wolves,Luton,2,1
2024-04-27T00:00:00Z,Everton,Brentford,1,0
2024-04-27T00:00:00Z,Aston Villa,Chelsea,2,2
2024-04-28T00:00:00Z,Bournemouth,Brighton,3,0
2024-04-28T00:00:00Z,Tottenham,Arsenal,2,3
2024-04-28T00:00:00Z,Nott'm Forest,Man City,0,2
2024-05-02T00:00:00Z,Chelsea,Tottenham,2,0
2024-05-03T00:00:00Z,Luton,Everton,1,1
2024-05-04T00:00:00Z,Arsenal,Bournemouth,3,0
2024-05-04T00:00:00Z,Brentford,Fulham,0,0
2024-05-04T00:00:00Z,Burnley,Newcastle,1,4
2024-05-04T00:00:00Z,Sheffield United,Nott'm Forest,1,3
2024-05-04T00:00:00Z,Man City,Wolves,5,1
2024-05-05T00:00:00Z,Brighton,Aston Villa,1,0
2024-05-05T00:00:00Z,Chelsea,West Ham,5,0
2024-05-05T00:00:00Z,Liverpool,Tottenham,4,2
2024-05-06T00:00:00Z,Crystal Palace,Man United,4,0
2024-05-11T00:00:00Z,Fulham,Man City,0,4
2024-05-11T00:00:00Z,Bournemouth,Brentford,1,2
2024-05-11T00:00:00Z,Everton,Sheffield United,1,0
2024-05-11T00:00:00Z,Newcastle,Brighton,1,1
2024-05-11T00:00:00Z,Tottenham,Burnley,2,1
2024-05-11T00:00:00Z,West Ham,Luton,3,1
2024-05-11T00:00:00Z,Wolves,Crystal Palace,1,3
2024-05-11T00:00:00Z,Nott'm Forest,Chelsea,2,3
2024-05-12T00:00:00Z,Man United,Arsenal,0,1
2024-05-13T00:00:00Z,Aston Villa,Liverpool,3,3
2024-05-14T00:00:00Z,Tottenham,Man City,0,2
2024-05-15T00:00:00Z,Brighton,Chelsea,1,2
2024-05-15T00:00:00Z,Man United,Newcastle,3,2
2024-05-19T00:00:00Z,Arsenal,Everton,2,1
2024-05-19T00:00:00Z,Brentford,Newcastle,2,4
2024-05-19T00:00:00Z,Brighton,Man United,0,2
2024-05-19T00:00:00Z,Burnley,Nott'm Forest,1,2
2024-05-19T00:00:00Z,Chelsea,Bournemouth,2,1
2024-05-19T00:00:00Z,Crystal Palace,Aston Villa,5,0
2024-05-19T00:00:00Z,Liverpool,Wolves,2,0
2024-05-19T00:00:00Z,Luton,Fulham,2,4
2024-05-19T00:00:00Z,Man City,West Ham,3,1
2024-05-19T00:00:00Z,Sheffield United,Tottenham,0,3
2022-08-05T00:00:00Z,Crystal Palace,Arsenal,0,2
2022-08-06T00:00:00Z,Fulham,Liverpool,2,2
2022-08-06T00:00:00Z,Bournemouth,Aston Villa,2,0
2022-08-06T00:00:00Z,Leeds,Wolves,2,1
2022-08-06T00:00:00Z,Newcastle,Nott'm Forest,2,0
2022-08-06T00:00:00Z,Tottenham,Southampton,4,1
2022-08-06T00:00:00Z,Everton,Chelsea,0,1
2022-08-07T00:00:00Z,Leicester,Brentford,2,2
2022-08-07T00:00:00Z,Man United,Brighton,1,2
2022-08-07T00:00:00Z,West Ham,Man City,0,2
2022-08-13T00:00:00Z,Aston Villa,Everton,2,1
2022-08-13T00:00:00Z,Arsenal,Leicester,4,2
2022-08-13T00:00:00Z,Brighton,Newcastle,0,0
2022-08-13T00:00:00Z,Man City,Bournemouth,4,0
2022-08-13T00:00:00Z,Southampton,Leeds,2,2
2022-08-13T00:00:00Z,Wolves,Fulham,0,0
2022-08-13T00:00:00Z,Brentford,Man United,4,0
2022-08-14T00:00:00Z,Nott'm Forest,West Ham,1,0
2022-08-14T00:00:00Z,Chelsea,Tottenham,2,2
2022-08-15T00:00:00Z,Liverpool,Crystal Palace,1,1
2022-08-20T00:00:00Z,Tottenham,Wolves,1,0
2022-08-20T00:00:00Z,Crystal Palace,Aston Villa,3,1
2022-08-20T00:00:00Z,Everton,Nott'm Forest,1,1
2022-08-20T00:00:00Z,Fulham,Brentford,3,2
2022-08-20T00:00:00Z,Leicester,Southampton,1,2
2022-08-20T00:00:00Z,Bournemouth,Arsenal,0,3
2022-08-21T00:00:00Z,Leeds,Chelsea,3,0
2022-08-21T00:00:00Z,West Ham,Brighton,0,2
2022-08-21T00:00:00Z,Newcastle,Man City,3,3
2022-08-22T00:00:00Z,Man United,Liverpool,2,1
2022-08-27T00:00:00Z,Southampton,Man United,0,1
2022-08-27T00:00:00Z,Brentford,Everton,1,1
2022-08-27T00:00:00Z,Brighton,Leeds,1,0
2022-08-27T00:00:00Z,Chelsea,Leicester,2,1
2022-08-27T00:00:00Z,Liverpool,Bournemouth,9,0
2022-08-27T00:00:00Z,Man City,Crystal Palace,4,2
2022-08-27T00:00:00Z,Arsenal,Fulham,2,1
2022-08-28T00:00:00Z,Aston Villa,West Ham,0,1
2022-08-28T00:00:00Z,Wolves,Newcastle,1,1
2022-08-28T00:00:00Z,Nott'm Forest,Tottenham,0,2
2022-08-30T00:00:00Z,Crystal Palace,Brentford,1,1
2022-08-30T00:00:00Z,Fulham,Brighton,2,1
2022-08-30T00:00:00Z,Southampton,Chelsea,2,1
2022-08-30T00:00:00Z,Leeds,Everton,1,1
2022-08-31T00:00:00Z,Arsenal,Aston Villa,2,1
2022-08-31T00:00:00Z,Bournemouth,Wolves,0,0
2022-08-31T00:00:00Z,Man City,Nott'm Forest,6,0
2022-08-31T00:00:00Z,West Ham,Tottenham,1,1
2022-08-31T00:00:00Z,Liverpool,Newcastle,2,1
2022-09-01T00:00:00Z,Leicester,Man United,0,1
2022-09-03T00:00:00Z,Everton,Liverpool,0,0
2022-09-03T00:00:00Z,Brentford,Leeds,5,2
2022-09-03T00:00:00Z,Chelsea,West Ham,2,1
2022-09-03T00:00:00Z,Newcastle,Crystal Palace,0,0
2022-09-03T00:00:00Z,Nott'm Forest,Bournemouth,2,3
2022-09-03T00:00:00Z,Tottenham,Fulham,2,1
2022-09-03T00:00:00Z,Wolves,Southampton,1,0
2022-09-03T00:00:00Z,Aston Villa,Man City,1,1
2022-09-04T00:00:00Z,Brighton,Leicester,5,2
2022-09-04T00:00:00Z,Man United,Arsenal,3,1
2022-09-16T00:00:00Z,Aston Villa,Southampton,1,0
2022-09-16T00:00:00Z,Nott'm Forest,Fulham,2,3
2022-09-17T00:00:00Z,Wolves,Man City,0,3
2022-09-17T00:00:00Z,Newcastle,Bournemouth,1,1
2022-09-17T00:00:00Z,Tottenham,Leicester,6,2
2022-09-18T00:00:00Z,Brentford,Arsenal,0,3
2022-09-18T00:00:00Z,Everton,West Ham,1,0
2022-10-01T00:00:00Z,Arsenal,Tottenham,3,1
2022-10-01T00:00:00Z,Bournemouth,Brentford,0,0
2022-10-01T00:00:00Z,Crystal Palace,Chelsea,1,2
2022-10-01T00:00:00Z,Fulham,Newcastle,1,4
2022-10-01T00:00:00Z,Liverpool,Brighton,3,3
2022-10-01T00:00:00Z,Southampton,Everton,1,2
2022-10-01T00:00:00Z,West Ham,Wolves,2,0
2022-10-02T00:00:00Z,Man City,Man United,6,3
2022-10-02T00:00:00Z,Leeds,Aston Villa,0,0
2022-10-03T00:00:00Z,Leicester,Nott'm Forest,4,0
2022-10-08T00:00:00Z,Bournemouth,Leicester,2,1
2022-10-08T00:00:00Z,Chelsea,Wolves,3,0
2022-10-08T00:00:00Z,Man City,Southampton,4,0
2022-10-08T00:00:00Z,Newcastle,Brentford,5,1
2022-10-08T00:00:00Z,Brighton,Tottenham,0,1
2022-10-09T00:00:00Z,Crystal Palace,Leeds,2,1
2022-10-09T00:00:00Z,West Ham,Fulham,3,1
2022-10-09T00:00:00Z,Arsenal,Liverpool,3,2
2022-10-09T00:00:00Z,Everton,Man United,1,2
2022-10-10T00:00:00Z,Nott'm Forest,Aston Villa,1,1
2022-10-14T00:00:00Z,Brentford,Brighton,2,0
2022-10-15T00:00:00Z,Leicester,Crystal Palace,0,0
2022-10-15T00:00:00Z,Fulham,Bournemouth,2,2
2022-10-15T00:00:00Z,Wolves,Nott'm Forest,1,0
2022-10-15T00:00:00Z,Tottenham,Everton,2,0
2022-10-16T00:00:00Z,Aston Villa,Chelsea,0,2
2022-10-16T00:00:00Z,Leeds,Arsenal,0,1
2022-10-16T00:00:00Z,Man United,Newcastle,0,0
2022-10-16T00:00:00Z,Southampton,West Ham,1,1
2022-10-16T00:00:00Z,Liverpool,Man City,1,0
2022-10-18T00:00:00Z,Brighton,Nott'm Forest,0,0
2022-10-18T00:00:00Z,Crystal Palace,Wolves,2,1
2022-10-19T00:00:00Z,Bournemouth,Southampton,0,1
2022-10-19T00:00:00Z,Brentford,Chelsea,0,0
2022-10-19T00:00:00Z,Liverpool,West Ham,1,0
2022-10-19T00:00:00Z,Newcastle,Everton,1,0
2022-10-19T00:00:00Z,Man United,Tottenham,2,0
2022-10-20T00:00:00Z,Fulham,Aston Villa,3,0
2022-10-20T00:00:00Z,Leicester,Leeds,2,0
2022-10-22T00:00:00Z,Nott'm Forest,Liverpool,1,0
2022-10-22T00:00:00Z,Everton,Crystal Palace,3,0
2022-10-22T00:00:00Z,Man City,Brighton,3,1
2022-10-22T00:00:00Z,Chelsea,Man United,1,1
2022-10-23T00:00:00Z,Aston Villa,Brentford,4,0
2022-10-23T00:00:00Z,Leeds,Fulham,2,3
2022-10-23T00:00:00Z,Southampton,Arsenal,1,1
2022-10-23T00:00:00Z,Wolves,Leicester,0,4
2022-10-23T00:00:00Z,Tottenham,Newcastle,1,2
2022-10-24T00:00:00Z,West Ham,Bournemouth,2,0
2022-10-29T00:00:00Z,Leicester,Man City,0,1
2022-10-29T00:00:00Z,Bournemouth,Tottenham,2,3
2022-10-29T00:00:00Z,Brentford,Wolves,1,1
2022-10-29T00:00:00Z,Brighton,Chelsea,4,1
2022-10-29T00:00:00Z,Crystal Palace,Southampton,1,0
2022-10-29T00:00:00Z,Newcastle,Aston Villa,4,0
2022-10-29T00:00:00Z,Fulham,Everton,0,0
2022-10-29T00:00:00Z,Liverpool,Leeds,1,2
2022-10-30T00:00:00Z,Arsenal,Nott'm Forest,5,0
2022-10-30T00:00:00Z,Man United,West Ham,1,0
2022-11-05T00:00:00Z,Leeds,Bournemouth,4,3
2022-11-05T00:00:00Z,Man City,Fulham,2,1
2022-11-05T00:00:00Z,Nott'm Forest,Brentford,2,2
2022-11-05T00:00:00Z,Wolves,Brighton,2,3
2022-11-05T00:00:00Z,Everton,Leicester,0,2
2022-11-06T00:00:00Z,Chelsea,Arsenal,0,1
2022-11-06T00:00:00Z,Aston Villa,Man United,3,1
2022-11-06T00:00:00Z,Southampton,Newcastle,1,4
2022-11-06T00:00:00Z,West Ham,Crystal Palace,1,2
2022-11-06T00:00:00Z,Tottenham,Liverpool,1,2
2022-11-12T00:00:00Z,Man City,Brentford,1,2
2022-11-12T00:00:00Z,Bournemouth,Everton,3,0
2022-11-12T00:00:00Z,Liverpool,Southampton,3,1
2022-11-12T00:00:00Z,Nott'm Forest,Crystal Palace,1,0
2022-11-12T00:00:00Z,Tottenham,Leeds,4,3
2022-11-12T00:00:00Z,West Ham,Leicester,0,2
2022-11-12T00:00:00Z,Newcastle,Chelsea,1,0
2022-11-12T00:00:00Z,Wolves,Arsenal,0,2
2022-11-13T00:00:00Z,Brighton,Aston Villa,1,2
2022-11-13T00:00:00Z,Fulham,Man United,1,2
2022-12-26T00:00:00Z,Brentford,Tottenham,2,2
2022-12-26T00:00:00Z,Crystal Palace,Fulham,0,3
2022-12-26T00:00:00Z,Everton,Wolves,1,2
2022-12-26T00:00:00Z,Leicester,Newcastle,0,3
2022-12-26T00:00:00Z,Southampton,Brighton,1,3
2022-12-26T00:00:00Z,Aston Villa,Liverpool,1,3
2022-12-26T00:00:00Z,Arsenal,West Ham,3,1
2022-12-27T00:00:00Z,Chelsea,Bournemouth,2,0
2022-12-27T00:00:00Z,Man United,Nott'm Forest,3,0
2022-12-28T00:00:00Z,Leeds,Man City,1,3
2022-12-30T00:00:00Z,West Ham,Brentford,0,2
2022-12-30T00:00:00Z,Liverpool,Leicester,2,1
2022-12-31T00:00:00Z,Wolves,Man United,0,1
2022-12-31T00:00:00Z,Bournemouth,Crystal Palace,0,2
2022-12-31T00:00:00Z,Fulham,Southampton,2,1
2022-12-31T00:00:00Z,Man City,Everton,1,1
2022-12-31T00:00:00Z,Newcastle,Leeds,0,0
2022-12-31T00:00:00Z,Brighton,Arsenal,2,4
2023-01-01T00:00:00Z,Tottenham,Aston Villa,0,2
2023-01-01T00:00:00Z,Nott'm Forest,Chelsea,1,1
2023-01-02T00:00:00Z,Brentford,Liverpool,3,1
2023-01-03T00:00:00Z,Arsenal,Newcastle,0,0
2023-01-03T00:00:00Z,Everton,Brighton,1,4
2023-01-03T00:00:00Z,Leicester,Fulham,0,1
2023-01-03T00:00:00Z,Man United,Bournemouth,3,0
2023-01-04T00:00:00Z,Southampton,Nott'm Forest,0,1
2023-01-04T00:00:00Z,Leeds,West Ham,2,2
2023-01-04T00:00:00Z,Aston Villa,Wolves,1,1
2023-01-04T00:00:00Z,Crystal Palace,Tottenham,0,4
2023-01-05T00:00:00Z,Chelsea,Man City,0,1
2023-01-12T00:00:00Z,Fulham,Chelsea,2,1
2023-01-13T00:00:00Z,Aston Villa,Leeds,2,1
2023-01-14T00:00:00Z,Man United,Man City,2,1
2023-01-14T00:00:00Z,Brighton,Liverpool,3,0
2023-01-14T00:00:00Z,Everton,Southampton,1,2
2023-01-14T00:00:00Z,Nott'm Forest,Leicester,2,0
2023-01-14T00:00:00Z,Wolves,West Ham,1,0
2023-01-14T00:00:00Z,Brentford,Bournemouth,2,0
2023-01-15T00:00:00Z,Chelsea,Crystal Palace,1,0
2023-01-15T00:00:00Z,Newcastle,Fulham,1,0
2023-01-15T00:00:00Z,Tottenham,Arsenal,0,2
2023-01-18T00:00:00Z,Crystal Palace,Man United,1,1
2023-01-19T00:00:00Z,Man City,Tottenham,4,2
2023-01-21T00:00:00Z,Liverpool,Chelsea,0,0
2023-01-21T00:00:00Z,Bournemouth,Nott'm Forest,1,1
2023-01-21T00:00:00Z,Leicester,Brighton,2,2
2023-01-21T00:00:00Z,Southampton,Aston Villa,0,1
2023-01-21T00:00:00Z,West Ham,Everton,2,0
2023-01-21T00:00:00Z,Crystal Palace,Newcastle,0,0
2023-01-22T00:00:00Z,Leeds,Brentford,0,0
2023-01-22T00:00:00Z,Man City,Wolves,3,0
2023-01-22T00:00:00Z,Arsenal,Man United,3,2
2023-01-23T00:00:00Z,Fulham,Tottenham,0,1
2023-02-03T00:00:00Z,Chelsea,Fulham,0,0
2023-02-04T00:00:00Z,Everton,Arsenal,1,0
2023-02-04T00:00:00Z,Aston Villa,Leicester,2,4
2023-02-04T00:00:00Z,Brentford,Southampton,3,0
2023-02-04T00:00:00Z,Brighton,Bournemouth,1,0
2023-02-04T00:00:00Z,Man United,Crystal Palace,2,1
2023-02-04T00:00:00Z,Wolves,Liverpool,3,0
2023-02-04T00:00:00Z,Newcastle,West Ham,1,1
2023-02-05T00:00:00Z,Nott'm Forest,Leeds,1,0
2023-02-05T00:00:00Z,Tottenham,Man City,1,0
2023-02-08T00:00:00Z,Man United,Leeds,2,2
2023-02-11T00:00:00Z,West Ham,Chelsea,1,1
2023-02-11T00:00:00Z,Arsenal,Brentford,1,1
2023-02-11T00:00:00Z,Crystal Palace,Brighton,1,1
2023-02-11T00:00:00Z,Fulham,Nott'm Forest,2,0
2023-02-11T00:00:00Z,Leicester,Tottenham,4,1
2023-02-11T00:00:00Z,Southampton,Wolves,1,2
2023-02-11T00:00:00Z,Bournemouth,Newcastle,1,1
2023-02-12T00:00:00Z,Leeds,Man United,0,2
2023-02-12T00:00:00Z,Man City,Aston Villa,3,1
2023-02-13T00:00:00Z,Liverpool,Everton,2,0
2023-02-15T00:00:00Z,Arsenal,Man City,1,3
2023-02-18T00:00:00Z,Aston Villa,Arsenal,2,4
2023-02-18T00:00:00Z,Brentford,Crystal Palace,1,1
2023-02-18T00:00:00Z,Brighton,Fulham,0,1
2023-02-18T00:00:00Z,Chelsea,Southampton,0,1
2023-02-18T00:00:00Z,Everton,Leeds,1,0
2023-02-18T00:00:00Z,Nott'm Forest,Man City,1,1
2023-02-18T00:00:00Z,Wolves,Bournemouth,0,1
2023-02-18T00:00:00Z,Newcastle,Liverpool,0,2
2023-02-19T00:00:00Z,Man United,Leicester,3,0
2023-02-19T00:00:00Z,Tottenham,West Ham,2,0
2023-02-24T00:00:00Z,Fulham,Wolves,1,1
2023-02-25T00:00:00Z,Everton,Aston Villa,0,2
2023-02-25T00:00:00Z,Leeds,Southampton,1,0
2023-02-25T00:00:00Z,Leicester,Arsenal,0,1
2023-02-25T00:00:00Z,West Ham,Nott'm Forest,4,0
2023-02-25T00:00:00Z,Bournemouth,Man City,1,4
2023-02-25T00:00:00Z,Crystal Palace,Liverpool,0,0
2023-02-26T00:00:00Z,Tottenham,Chelsea,2,0
2023-03-01T00:00:00Z,Arsenal,Everton,4,0
2023-03-01T00:00:00Z,Liverpool,Wolves,2,0
2023-03-04T00:00:00Z,Man City,Newcastle,2,0
2023-03-04T00:00:00Z,Arsenal,Bournemouth,3,2
2023-03-04T00:00:00Z,Aston Villa,Crystal Palace,1,0
2023-03-04T00:00:00Z,Brighton,West Ham,4,0
2023-03-04T00:00:00Z,Chelsea,Leeds,1,0
2023-03-04T00:00:00Z,Wolves,Tottenham,1,0
2023-03-04T00:00:00Z,Southampton,Leicester,1,0
2023-03-05T00:00:00Z,Nott'm Forest,Everton,2,2
2023-03-05T00:00:00Z,Liverpool,Man United,7,0
2023-03-06T00:00:00Z,Brentford,Fulham,3,2
2023-03-11T00:00:00Z,Bournemouth,Liverpool,1,0
2023-03-11T00:00:00Z,Everton,Brentford,1,0
2023-03-11T00:00:00Z,Leeds,Brighton,2,2
2023-03-11T00:00:00Z,Leicester,Chelsea,1,3
2023-03-11T00:00:00Z,Tottenham,Nott'm Forest,3,1
2023-03-11T00:00:00Z,Crystal Palace,Man City,0,1
2023-03-12T00:00:00Z,Fulham,Arsenal,0,3
2023-03-12T00:00:00Z,Man United,Southampton,0,0
2023-03-12T00:00:00Z,West Ham,Aston Villa,1,1
2023-03-12T00:00:00Z,Newcastle,Wolves,2,1
2023-03-15T00:00:00Z,Brighton,Crystal Palace,1,0
2023-03-15T00:00:00Z,Southampton,Brentford,0,2
2023-03-17T00:00:00Z,Nott'm Forest,Newcastle,1,2
2023-03-18T00:00:00Z,Aston Villa,Bournemouth,3,0
2023-03-18T00:00:00Z,Brentford,Leicester,1,1
2023-03-18T00:00:00Z,Southampton,Tottenham,3,3
2023-03-18T00:00:00Z,Wolves,Leeds,2,4
2023-03-18T00:00:00Z,Chelsea,Everton,2,2
2023-03-19T00:00:00Z,Arsenal,Crystal Palace,4,1
2023-04-01T00:00:00Z,Man City,Liverpool,4,1
2023-04-01T00:00:00Z,Arsenal,Leeds,4,1
2023-04-01T00:00:00Z,Bournemouth,Fulham,2,1
2023-04-01T00:00:00Z,Brighton,Brentford,3,3
2023-04-01T00:00:00Z,Crystal Palace,Leicester,2,1
2023-04-01T00:00:00Z,Nott'm Forest,Wolves,1,1
2023-04-01T00:00:00Z,Chelsea,Aston Villa,0,2
2023-04-02T00:00:00Z,West Ham,Southampton,1,0
2023-04-02T00:00:00Z,Newcastle,Man United,2,0
2023-04-03T00:00:00Z,Everton,Tottenham,1,1
2023-04-04T00:00:00Z,Bournemouth,Brighton,0,2
2023-04-04T00:00:00Z,Leeds,Nott'm Forest,2,1
2023-04-04T00:00:00Z,Leicester,Aston Villa,1,2
2023-04-04T00:00:00Z,Chelsea,Liverpool,0,0
2023-04-05T00:00:00Z,Man United,Brentford,1,0
2023-04-05T00:00:00Z,West Ham,Newcastle,1,5
2023-04-08T00:00:00Z,Man United,Everton,2,0
2023-04-08T00:00:00Z,Aston Villa,Nott'm Forest,2,0
2023-04-08T00:00:00Z,Brentford,Newcastle,1,2
2023-04-08T00:00:00Z,Fulham,West Ham,0,1
2023-04-08T00:00:00Z,Leicester,Bournemouth,0,1
2023-04-08T00:00:00Z,Tottenham,Brighton,2,1
2023-04-08T00:00:00Z,Wolves,Chelsea,1,0
2023-04-08T00:00:00Z,Southampton,Man City,1,4
2023-04-09T00:00:00Z,Leeds,Crystal Palace,1,5
2023-04-09T00:00:00Z,Liverpool,Arsenal,2,2
2023-04-15T00:00:00Z,Aston Villa,Newcastle,3,0
2023-04-15T00:00:00Z,Chelsea,Brighton,1,2
2023-04-15T00:00:00Z,Everton,Fulham,1,3
2023-04-15T00:00:00Z,Southampton,Crystal Palace,0,2
2023-04-15T00:00:00Z,Tottenham,Bournemouth,2,3
2023-04-15T00:00:00Z,Wolves,Brentford,2,0
2023-04-15T00:00:00Z,Man City,Leicester,3,1
2023-04-16T00:00:00Z,West Ham,Arsenal,2,2
2023-04-16T00:00:00Z,Nott'm Forest,Man United,0,2
2023-04-17T00:00:00Z,Leeds,Liverpool,1,6
2023-04-21T00:00:00Z,Arsenal,Southampton,3,3
2023-04-22T00:00:00Z,Fulham,Leeds,2,1
2023-04-22T00:00:00Z,Brentford,Aston Villa,1,1
2023-04-22T00:00:00Z,Crystal Palace,Everton,0,0
2023-04-22T00:00:00Z,Leicester,Wolves,2,1
2023-04-22T00:00:00Z,Liverpool,Nott'm Forest,3,2
2023-04-23T00:00:00Z,Bournemouth,West Ham,0,4
2023-04-23T00:00:00Z,Newcastle,Tottenham,6,1
2023-04-25T00:00:00Z,Wolves,Crystal Palace,2,0
2023-04-25T00:00:00Z,Aston Villa,Fulham,1,0
2023-04-25T00:00:00Z,Leeds,Leicester,1,1
2023-04-26T00:00:00Z,Nott'm Forest,Brighton,3,1
2023-04-26T00:00:00Z,Chelsea,Brentford,0,2
2023-04-26T00:00:00Z,West Ham,Liverpool,1,2
2023-04-26T00:00:00Z,Man City,Arsenal,4,1
2023-04-27T00:00:00Z,Everton,Newcastle,1,4
2023-04-27T00:00:00Z,Southampton,Bournemouth,0,1
2023-04-27T00:00:00Z,Tottenham,Man United,2,2
2023-04-29T00:00:00Z,Crystal Palace,West Ham,4,3
2023-04-29T00:00:00Z,Brentford,Nott'm Forest,2,1
2023-04-29T00:00:00Z,Brighton,Wolves,6,0
2023-04-30T00:00:00Z,Bournemouth,Leeds,4,1
2023-04-30T00:00:00Z,Fulham,Man City,1,2
2023-04-30T00:00:00Z,Man United,Aston Villa,1,0
2023-04-30T00:00:00Z,Newcastle,Southampton,3,1
2023-04-30T00:00:00Z,Liverpool,Tottenham,4,3
2023-05-01T00:00:00Z,Leicester,Everton,2,2
2023-05-02T00:00:00Z,Arsenal,Chelsea,3,1
2023-05-03T00:00:00Z,Liverpool,Fulham,1,0
2023-05-03T00:00:00Z,Man City,West Ham,3,0
2023-05-04T00:00:00Z,Brighton,Man United,1,0
2023-05-06T00:00:00Z,Bournemouth,Chelsea,1,3
2023-05-06T00:00:00Z,Man City,Leeds,2,1
2023-05-06T00:00:00Z,Tottenham,Crystal Palace,1,0
2023-05-06T00:00:00Z,Wolves,Aston Villa,1,0
2023-05-06T00:00:00Z,Liverpool,Brentford,1,0
2023-05-07T00:00:00Z,Newcastle,Arsenal,0,2
2023-05-07T00:00:00Z,West Ham,Man United,1,0
2023-05-08T00:00:00Z,Fulham,Leicester,5,3
2023-05-08T00:00:00Z,Brighton,Everton,1,5
2023-05-08T00:00:00Z,Nott'm Forest,Southampton,4,3
2023-05-13T00:00:00Z,Leeds,Newcastle,2,2
2023-05-13T00:00:00Z,Aston Villa,Tottenham,2,1
2023-05-13T00:00:00Z,Chelsea,Nott'm Forest,2,2
2023-05-13T00:00:00Z,Crystal Palace,Bournemouth,2,0
2023-05-13T00:00:00Z,Man United,Wolves,2,0
2023-05-13T00:00:00Z,Southampton,Fulham,0,2
2023-05-14T00:00:00Z,Brentford,West Ham,2,0
2023-05-14T00:00:00Z,Everton,Man City,0,3
2023-05-14T00:00:00Z,Arsenal,Brighton,0,3
2023-05-15T00:00:00Z,Leicester,Liverpool,0,3
2023-05-18T00:00:00Z,Newcastle,Brighton,4,1
2023-05-20T00:00:00Z,Tottenham,Brentford,1,3
2023-05-20T00:00:00Z,Bournemouth,Man United,0,1
2023-05-20T00:00:00Z,Fulham,Crystal Palace,2,2
2023-05-20T00:00:00Z,Liverpool,Aston Villa,1,1
2023-05-20T00:00:00Z,Wolves,Everton,1,1
2023-05-20T00:00:00Z,Nott'm Forest,Arsenal,1,0
2023-05-21T00:00:00Z,West Ham,Leeds,3,1
2023-05-21T00:00:00Z,Brighton,Southampton,3,1
2023-05-21T00:00:00Z,Man City,Chelsea,1,0
2023-05-22T00:00:00Z,Newcastle,Leicester,0,0
2023-05-24T00:00:00Z,Brighton,Man City,1,1
2023-05-25T00:00:00Z,Man United,Chelsea,4,1
2023-05-28T00:00:00Z,Arsenal,Wolves,5,0
2023-05-28T00:00:00Z,Aston Villa,Brighton,2,1
2023-05-28T00:00:00Z,Brentford,Man City,1,0
2023-05-28T00:00:00Z,Chelsea,Newcastle,1,1
2023-05-28T00:00:00Z,Crystal Palace,Nott'm Forest,1,1
2023-05-28T00:00:00Z,Everton,Bournemouth,1,0
2023-05-28T00:00:00Z,Leeds,Tottenham,1,4
2023-05-28T00:00:00Z,Leicester,West Ham,2,1
2023-05-28T00:00:00Z,Man United,Fulham,2,1
2023-05-28T00:00:00Z,Southampton,Liverpool,4,4
2021-08-13T00:00:00Z,Brentford,Arsenal,2,0
2021-08-14T00:00:00Z,Man United,Leeds,5,1
2021-08-14T00:00:00Z,Burnley,Brighton,1,2
2021-08-14T00:00:00Z,Chelsea,Crystal Palace,3,0
2021-08-14T00:00:00Z,Everton,Southampton,3,1
2021-08-14T00:00:00Z,Leicester,Wolves,1,0
2021-08-14T00:00:00Z,Watford,Aston Villa,3,2
2021-08-14T00:00:00Z,Norwich,Liverpool,0,3
2021-08-15T00:00:00Z,Newcastle,West Ham,2,4
2021-08-15T00:00:00Z,Tottenham,Man City,1,0
2021-08-21T00:00:00Z,Liverpool,Burnley,2,0
2021-08-21T00:00:00Z,Aston Villa,Newcastle,2,0
2021-08-21T00:00:00Z,Crystal Palace,Brentford,0,0
2021-08-21T00:00:00Z,Leeds,Everton,2,2
2021-08-21T00:00:00Z,Man City,Norwich,5,0
2021-08-21T00:00:00Z,Brighton,Watford,2,0
2021-08-22T00:00:00Z,Southampton,Man United,1,1
2021-08-22T00:00:00Z,Wolves,Tottenham,0,1
2021-08-22T00:00:00Z,Arsenal,Chelsea,0,2
2021-08-23T00:00:00Z,West Ham,Leicester,4,1
2021-08-28T00:00:00Z,Man City,Arsenal,5,0
2021-08-28T00:00:00Z,Aston Villa,Brentford,1,1
2021-08-28T00:00:00Z,Brighton,Everton,0,2
2021-08-28T00:00:00Z,Newcastle,Southampton,2,2
2021-08-28T00:00:00Z,Norwich,Leicester,1,2
2021-08-28T00:00:00Z,West Ham,Crystal Palace,2,2
2021-08-28T00:00:00Z,Liverpool,Chelsea,1,1
2021-08-29T00:00:00Z,Burnley,Leeds,1,1
2021-08-29T00:00:00Z,Tottenham,Watford,1,0
2021-08-29T00:00:00Z,Wolves,Man United,0,1
2021-09-11T00:00:00Z,Crystal Palace,Tottenham,3,0
2021-09-11T00:00:00Z,Arsenal,Norwich,1,0
2021-09-11T00:00:00Z,Brentford,Brighton,0,1
2021-09-11T00:00:00Z,Leicester,Man City,0,1
2021-09-11T00:00:00Z,Man United,Newcastle,4,1
2021-09-11T00:00:00Z,Southampton,West Ham,0,0
2021-09-11T00:00:00Z,Watford,Wolves,0,2
2021-09-11T00:00:00Z,Chelsea,Aston Villa,3,0
2021-09-12T00:00:00Z,Leeds,Liverpool,0,3
2021-09-13T00:00:00Z,Everton,Burnley,3,1
2021-09-17T00:00:00Z,Newcastle,Leeds,1,1
2021-09-18T00:00:00Z,Wolves,Brentford,0,2
2021-09-18T00:00:00Z,Burnley,Arsenal,0,1
2021-09-18T00:00:00Z,Liverpool,Crystal Palace,3,0
2021-09-18T00:00:00Z,Man City,Southampton,0,0
2021-09-18T00:00:00Z,Norwich,Watford,1,3
2021-09-18T00:00:00Z,Aston Villa,Everton,3,0
2021-09-19T00:00:00Z,Brighton,Leicester,2,1
2021-09-19T00:00:00Z,West Ham,Man United,1,2
2021-09-19T00:00:00Z,Tottenham,Chelsea,0,3
2021-09-25T00:00:00Z,Chelsea,Man City,0,1
2021-09-25T00:00:00Z,Man United,Aston Villa,0,1
2021-09-25T00:00:00Z,Everton,Norwich,2,0
2021-09-25T00:00:00Z,Leeds,West Ham,1,2
2021-09-25T00:00:00Z,Leicester,Burnley,2,2
2021-09-25T00:00:00Z,Watford,Newcastle,1,1
2021-09-25T00:00:00Z,Brentford,Liverpool,3,3
2021-09-26T00:00:00Z,Southampton,Wolves,0,1
2021-09-26T00:00:00Z,Arsenal,Tottenham,3,1
2021-09-27T00:00:00Z,Crystal Palace,Brighton,1,1
2021-10-02T00:00:00Z,Man United,Everton,1,1
2021-10-02T00:00:00Z,Burnley,Norwich,0,0
2021-10-02T00:00:00Z,Chelsea,Southampton,3,1
2021-10-02T00:00:00Z,Leeds,Watford,1,0
2021-10-02T00:00:00Z,Wolves,Newcastle,2,1
2021-10-02T00:00:00Z,Brighton,Arsenal,0,0
2021-10-03T00:00:00Z,Crystal Palace,Leicester,2,2
2021-10-03T00:00:00Z,Tottenham,Aston Villa,2,1
2021-10-03T00:00:00Z,West Ham,Brentford,1,2
2021-10-03T00:00:00Z,Liverpool,Man City,2,2
2021-10-16T00:00:00Z,Watford,Liverpool,0,5
2021-10-16T00:00:00Z,Aston Villa,Wolves,2,3
2021-10-16T00:00:00Z,Leicester,Man United,4,2
2021-10-16T00:00:00Z,Man City,Burnley,2,0
2021-10-16T00:00:00Z,Norwich,Brighton,0,0
2021-10-16T00:00:00Z,Southampton,Leeds,1,0
2021-10-16T00:00:00Z,Brentford,Chelsea,0,1
2021-10-17T00:00:00Z,Everton,West Ham,0,1
2021-10-17T00:00:00Z,Newcastle,Tottenham,2,3
2021-10-18T00:00:00Z,Arsenal,Crystal Palace,2,2
2021-10-22T00:00:00Z,Arsenal,Aston Villa,3,1
2021-10-23T00:00:00Z,Chelsea,Norwich,7,0
2021-10-23T00:00:00Z,Crystal Palace,Newcastle,1,1
2021-10-23T00:00:00Z,Everton,Watford,2,5
2021-10-23T00:00:00Z,Leeds,Wolves,1,1
2021-10-23T00:00:00Z,Southampton,Burnley,2,2
2021-10-23T00:00:00Z,Brighton,Man City,1,4
2021-10-24T00:00:00Z,Brentford,Leicester,1,2
2021-10-24T00:00:00Z,West Ham,Tottenham,1,0
2021-10-24T00:00:00Z,Man United,Liverpool,0,5
2021-10-30T00:00:00Z,Leicester,Arsenal,0,2
2021-10-30T00:00:00Z,Burnley,Brentford,3,1
2021-10-30T00:00:00Z,Liverpool,Brighton,2,2
2021-10-30T00:00:00Z,Man City,Crystal Palace,0,2
2021-10-30T00:00:00Z,Newcastle,Chelsea,0,3
2021-10-30T00:00:00Z,Watford,Southampton,0,1
2021-10-30T00:00:00Z,Tottenham,Man United,0,3
2021-10-31T00:00:00Z,Norwich,Leeds,1,2
2021-10-31T00:00:00Z,Aston Villa,West Ham,1,4
2021-11-01T00:00:00Z,Wolves,Everton,2,1
2021-11-05T00:00:00Z,Southampton,Aston Villa,1,0
2021-11-06T00:00:00Z,Man United,Man City,0,2
2021-11-06T00:00:00Z,Brentford,Norwich,1,2
2021-11-06T00:00:00Z,Chelsea,Burnley,1,1
2021-11-06T00:00:00Z,Crystal Palace,Wolves,2,0
2021-11-06T00:00:00Z,Brighton,Newcastle,1,1
2021-11-07T00:00:00Z,Arsenal,Watford,1,0
2021-11-07T00:00:00Z,Everton,Tottenham,0,0
2021-11-07T00:00:00Z,Leeds,Leicester,1,1
2021-11-07T00:00:00Z,West Ham,Liverpool,3,2
2021-11-20T00:00:00Z,Leicester,Chelsea,0,3
2021-11-20T00:00:00Z,Aston Villa,Brighton,2,0
2021-11-20T00:00:00Z,Burnley,Crystal Palace,3,3
2021-11-20T00:00:00Z,Newcastle,Brentford,3,3
2021-11-20T00:00:00Z,Norwich,Southampton,2,1
2021-11-20T00:00:00Z,Watford,Man United,4,1
2021-11-20T00:00:00Z,Wolves,West Ham,1,0
2021-11-20T00:00:00Z,Liverpool,Arsenal,4,0
2021-11-21T00:00:00Z,Man City,Everton,3,0
2021-11-21T00:00:00Z,Tottenham,Leeds,2,1
2021-11-27T00:00:00Z,Arsenal,Newcastle,2,0
2021-11-27T00:00:00Z,Crystal Palace,Aston Villa,1,2
2021-11-27T00:00:00Z,Liverpool,Southampton,4,0
2021-11-27T00:00:00Z,Norwich,Wolves,0,0
2021-11-27T00:00:00Z,Brighton,Leeds,0,0
2021-11-28T00:00:00Z,Brentford,Everton,1,0
2021-11-28T00:00:00Z,Leicester,Watford,4,2
2021-11-28T00:00:00Z,Man City,West Ham,2,1
2021-11-28T00:00:00Z,Chelsea,Man United,1,1
2021-11-30T00:00:00Z,Newcastle,Norwich,1,1
2021-11-30T00:00:00Z,Leeds,Crystal Palace,1,0
2021-12-01T00:00:00Z,Southampton,Leicester,2,2
2021-12-01T00:00:00Z,Watford,Chelsea,1,2
2021-12-01T00:00:00Z,West Ham,Brighton,1,1
2021-12-01T00:00:00Z,Wolves,Burnley,0,0
2021-12-01T00:00:00Z,Aston Villa,Man City,1,2
2021-12-01T00:00:00Z,Everton,Liverpool,1,4
2021-12-02T00:00:00Z,Tottenham,Brentford,2,0
2021-12-02T00:00:00Z,Man United,Arsenal,3,2
2021-12-04T00:00:00Z,West Ham,Chelsea,3,2
2021-12-04T00:00:00Z,Newcastle,Burnley,1,0
2021-12-04T00:00:00Z,Southampton,Brighton,1,1
2021-12-04T00:00:00Z,Wolves,Liverpool,0,1
2021-12-04T00:00:00Z,Watford,Man City,1,3
2021-12-05T00:00:00Z,Leeds,Brentford,2,2
2021-12-05T00:00:00Z,Man United,Crystal Palace,1,0
2021-12-05T00:00:00Z,Tottenham,Norwich,3,0
2021-12-05T00:00:00Z,Aston Villa,Leicester,2,1
2021-12-06T00:00:00Z,Everton,Arsenal,2,1
2021-12-10T00:00:00Z,Brentford,Watford,2,1
2021-12-11T00:00:00Z,Man City,Wolves,1,0
2021-12-11T00:00:00Z,Arsenal,Southampton,3,0
2021-12-11T00:00:00Z,Chelsea,Leeds,3,2
2021-12-11T00:00:00Z,Liverpool,Aston Villa,1,0
2021-12-11T00:00:00Z,Norwich,Man United,0,1
2021-12-12T00:00:00Z,Burnley,West Ham,0,0
2021-12-12T00:00:00Z,Leicester,Newcastle,4,0
2021-12-12T00:00:00Z,Crystal Palace,Everton,3,1
2021-12-14T00:00:00Z,Norwich,Aston Villa,0,2
2021-12-14T00:00:00Z,Man City,Leeds,7,0
2021-12-15T00:00:00Z,Brighton,Wolves,0,1
2021-12-15T00:00:00Z,Crystal Palace,Southampton,2,2
2021-12-15T00:00:00Z,Arsenal,West Ham,2,0
2021-12-16T00:00:00Z,Chelsea,Everton,1,1
2021-12-16T00:00:00Z,Liverpool,Newcastle,3,1
2021-12-18T00:00:00Z,Leeds,Arsenal,1,4
2021-12-19T00:00:00Z,Newcastle,Man City,0,4
2021-12-19T00:00:00Z,Wolves,Chelsea,0,0
2021-12-19T00:00:00Z,Tottenham,Liverpool,2,2
2021-12-26T00:00:00Z,Man City,Leicester,6,3
2021-12-26T00:00:00Z,Norwich,Arsenal,0,5
2021-12-26T00:00:00Z,Tottenham,Crystal Palace,3,0
2021-12-26T00:00:00Z,West Ham,Southampton,2,3
2021-12-26T00:00:00Z,Aston Villa,Chelsea,1,3
2021-12-26T00:00:00Z,Brighton,Brentford,2,0
2021-12-27T00:00:00Z,Newcastle,Man United,1,1
2021-12-28T00:00:00Z,Crystal Palace,Norwich,3,0
2021-12-28T00:00:00Z,Southampton,Tottenham,1,1
2021-12-28T00:00:00Z,Watford,West Ham,1,4
2021-12-28T00:00:00Z,Leicester,Liverpool,1,0
2021-12-29T00:00:00Z,Chelsea,Brighton,1,1
2021-12-29T00:00:00Z,Brentford,Man City,0,1
2021-12-30T00:00:00Z,Man United,Burnley,3,1
2022-01-01T00:00:00Z,Arsenal,Man City,1,2
2022-01-01T00:00:00Z,Watford,Tottenham,0,1
2022-01-01T00:00:00Z,Crystal Palace,West Ham,2,3
2022-01-02T00:00:00Z,Brentford,Aston Villa,2,1
2022-01-02T00:00:00Z,Everton,Brighton,2,3
2022-01-02T00:00:00Z,Leeds,Burnley,3,1
2022-01-02T00:00:00Z,Chelsea,Liverpool,2,2
2022-01-03T00:00:00Z,Man United,Wolves,0,1
2022-01-11T00:00:00Z,Southampton,Brentford,4,1
2022-01-12T00:00:00Z,West Ham,Norwich,2,0
2022-01-14T00:00:00Z,Brighton,Crystal Palace,1,1
2022-01-15T00:00:00Z,Man City,Chelsea,1,0
2022-01-15T00:00:00Z,Newcastle,Watford,1,1
2022-01-15T00:00:00Z,Norwich,Everton,2,1
2022-01-15T00:00:00Z,Wolves,Southampton,3,1
2022-01-15T00:00:00Z,Aston Villa,Man United,2,2
2022-01-16T00:00:00Z,Liverpool,Brentford,3,0
2022-01-16T00:00:00Z,West Ham,Leeds,2,3
2022-01-18T00:00:00Z,Brighton,Chelsea,1,1
2022-01-19T00:00:00Z,Leicester,Tottenham,2,3
2022-01-19T00:00:00Z,Brentford,Man United,1,3
2022-01-21T00:00:00Z,Watford,Norwich,0,3
2022-01-22T00:00:00Z,Everton,Aston Villa,0,1
2022-01-22T00:00:00Z,Brentford,Wolves,1,2
2022-01-22T00:00:00Z,Leeds,Newcastle,0,1
2022-01-22T00:00:00Z,Man United,West Ham,1,0
2022-01-22T00:00:00Z,Southampton,Man City,1,1
2022-01-23T00:00:00Z,Arsenal,Burnley,0,0
2022-01-23T00:00:00Z,Crystal Palace,Liverpool,1,3
2022-01-23T00:00:00Z,Leicester,Brighton,1,1
2022-01-23T00:00:00Z,Chelsea,Tottenham,2,0
2022-02-05T00:00:00Z,Burnley,Watford,0,0
2022-02-08T00:00:00Z,Newcastle,Everton,3,1
2022-02-08T00:00:00Z,West Ham,Watford,1,0
2022-02-08T00:00:00Z,Burnley,Man United,1,1
2022-02-09T00:00:00Z,Man City,Brentford,2,0
2022-02-09T00:00:00Z,Norwich,Crystal Palace,1,1
2022-02-09T00:00:00Z,Tottenham,Southampton,2,3
2022-02-09T00:00:00Z,Aston Villa,Leeds,3,3
2022-02-10T00:00:00Z,Liverpool,Leicester,2,0
2022-02-10T00:00:00Z,Wolves,Arsenal,0,1
2022-02-12T00:00:00Z,Man United,Southampton,1,1
2022-02-12T00:00:00Z,Brentford,Crystal Palace,0,0
2022-02-12T00:00:00Z,Everton,Leeds,3,0
2022-02-12T00:00:00Z,Watford,Brighton,0,2
2022-02-12T00:00:00Z,Norwich,Man City,0,4
2022-02-13T00:00:00Z,Burnley,Liverpool,0,1
2022-02-13T00:00:00Z,Newcastle,Aston Villa,1,0
2022-02-13T00:00:00Z,Tottenham,Wolves,0,2
2022-02-13T00:00:00Z,Leicester,West Ham,2,2
2022-02-15T00:00:00Z,Man United,Brighton,2,0
2022-02-19T00:00:00Z,West Ham,Newcastle,1,1
2022-02-19T00:00:00Z,Arsenal,Brentford,2,1
2022-02-19T00:00:00Z,Aston Villa,Watford,0,1
2022-02-19T00:00:00Z,Brighton,Burnley,0,3
2022-02-19T00:00:00Z,Crystal Palace,Chelsea,0,1
2022-02-19T00:00:00Z,Liverpool,Norwich,3,1
2022-02-19T00:00:00Z,Southampton,Everton,2,0
2022-02-19T00:00:00Z,Man City,Tottenham,2,3
2022-02-20T00:00:00Z,Leeds,Man United,2,4
2022-02-20T00:00:00Z,Wolves,Leicester,2,1
2022-02-23T00:00:00Z,Burnley,Tottenham,1,0
2022-02-23T00:00:00Z,Watford,Crystal Palace,1,4
2022-02-23T00:00:00Z,Liverpool,Leeds,6,0
2022-02-24T00:00:00Z,Arsenal,Wolves,2,1
2022-02-25T00:00:00Z,Southampton,Norwich,2,0
2022-02-26T00:00:00Z,Leeds,Tottenham,0,4
2022-02-26T00:00:00Z,Brentford,Newcastle,0,2
2022-02-26T00:00:00Z,Crystal Palace,Burnley,1,1
2022-02-26T00:00:00Z,Man United,Watford,0,0
2022-02-26T00:00:00Z,Brighton,Aston Villa,0,2
2022-02-26T00:00:00Z,Everton,Man City,0,1
2022-02-27T00:00:00Z,West Ham,Wolves,1,0
2022-03-01T00:00:00Z,Burnley,Leicester,0,2
2022-03-05T00:00:00Z,Leicester,Leeds,1,0
2022-03-05T00:00:00Z,Aston Villa,Southampton,4,0
2022-03-05T00:00:00Z,Burnley,Chelsea,0,4
2022-03-05T00:00:00Z,Newcastle,Brighton,2,1
2022-03-05T00:00:00Z,Norwich,Brentford,1,3
2022-03-05T00:00:00Z,Wolves,Crystal Palace,0,2
2022-03-05T00:00:00Z,Liverpool,West Ham,1,0
2022-03-06T00:00:00Z,Watford,Arsenal,2,3
2022-03-06T00:00:00Z,Man City,Man United,4,1
2022-03-07T00:00:00Z,Tottenham,Everton,5,0
2022-03-10T00:00:00Z,Norwich,Chelsea,1,3
2022-03-10T00:00:00Z,Southampton,Newcastle,1,2
2022-03-10T00:00:00Z,Wolves,Watford,4,0
2022-03-10T00:00:00Z,Leeds,Aston Villa,0,3
2022-03-12T00:00:00Z,Brighton,Liverpool,0,2
2022-03-12T00:00:00Z,Brentford,Burnley,2,0
2022-03-12T00:00:00Z,Man United,Tottenham,3,2
2022-03-13T00:00:00Z,Chelsea,Newcastle,1,0
2022-03-13T00:00:00Z,Everton,Wolves,0,1
2022-03-13T00:00:00Z,Leeds,Norwich,2,1
2022-03-13T00:00:00Z,Southampton,Watford,1,2
2022-03-13T00:00:00Z,West Ham,Aston Villa,2,1
2022-03-13T00:00:00Z,Arsenal,Leicester,2,0
2022-03-14T00:00:00Z,Crystal Palace,Man City,0,0
2022-03-16T00:00:00Z,Brighton,Tottenham,0,2
2022-03-16T00:00:00Z,Arsenal,Liverpool,0,2
2022-03-17T00:00:00Z,Everton,Newcastle,1,0
2022-03-18T00:00:00Z,Wolves,Leeds,2,3
2022-03-19T00:00:00Z,Aston Villa,Arsenal,0,1
2022-03-20T00:00:00Z,Leicester,Brentford,2,1
2022-03-20T00:00:00Z,Tottenham,West Ham,3,1
2022-04-02T00:00:00Z,Liverpool,Watford,2,0
2022-04-02T00:00:00Z,Brighton,Norwich,0,0
2022-04-02T00:00:00Z,Burnley,Man City,0,2
2022-04-02T00:00:00Z,Chelsea,Brentford,1,4
2022-04-02T00:00:00Z,Leeds,Southampton,1,1
2022-04-02T00:00:00Z,Wolves,Aston Villa,2,1
2022-04-02T00:00:00Z,Man United,Leicester,1,1
2022-04-03T00:00:00Z,West Ham,Everton,2,1
2022-04-03T00:00:00Z,Tottenham,Newcastle,5,1
2022-04-04T00:00:00Z,Crystal Palace,Arsenal,3,0
2022-04-06T00:00:00Z,Burnley,Everton,3,2
2022-04-08T00:00:00Z,Newcastle,Wolves,1,0
2022-04-09T00:00:00Z,Everton,Man United,1,0
2022-04-09T00:00:00Z,Arsenal,Brighton,1,2
2022-04-09T00:00:00Z,Southampton,Chelsea,0,6
2022-04-09T00:00:00Z,Watford,Leeds,0,3
2022-04-09T00:00:00Z,Aston Villa,Tottenham,0,4
2022-04-10T00:00:00Z,Brentford,West Ham,2,0
2022-04-10T00:00:00Z,Leicester,Crystal Palace,2,1
2022-04-10T00:00:00Z,Norwich,Burnley,2,0
2022-04-10T00:00:00Z,Man City,Liverpool,2,2
2022-04-16T00:00:00Z,Tottenham,Brighton,0,1
2022-04-16T00:00:00Z,Man United,Norwich,3,2
2022-04-16T00:00:00Z,Southampton,Arsenal,1,0
2022-04-16T00:00:00Z,Watford,Brentford,1,2
2022-04-17T00:00:00Z,Newcastle,Leicester,2,1
2022-04-17T00:00:00Z,West Ham,Burnley,1,1
2022-04-19T00:00:00Z,Liverpool,Man United,4,0
2022-04-20T00:00:00Z,Chelsea,Arsenal,2,4
2022-04-20T00:00:00Z,Everton,Leicester,1,1
2022-04-20T00:00:00Z,Newcastle,Crystal Palace,1,0
2022-04-20T00:00:00Z,Man City,Brighton,3,0
2022-04-21T00:00:00Z,Burnley,Southampton,2,0
2022-04-23T00:00:00Z,Arsenal,Man United,3,1
2022-04-23T00:00:00Z,Leicester,Aston Villa,0,0
2022-04-23T00:00:00Z,Man City,Watford,5,1
2022-04-23T00:00:00Z,Norwich,Newcastle,0,3
2022-04-23T00:00:00Z,Brentford,Tottenham,0,0
2022-04-24T00:00:00Z,Brighton,Southampton,2,2
2022-04-24T00:00:00Z,Burnley,Wolves,1,0
2022-04-24T00:00:00Z,Chelsea,West Ham,1,0
2022-04-24T00:00:00Z,Liverpool,Everton,2,0
2022-04-25T00:00:00Z,Crystal Palace,Leeds,0,0
2022-04-28T00:00:00Z,Man United,Chelsea,1,1
2022-04-30T00:00:00Z,Newcastle,Liverpool,0,1
2022-04-30T00:00:00Z,Aston Villa,Norwich,2,0
2022-04-30T00:00:00Z,Southampton,Crystal Palace,1,2
2022-04-30T00:00:00Z,Watford,Burnley,1,2
2022-04-30T00:00:00Z,Wolves,Brighton,0,3
2022-04-30T00:00:00Z,Leeds,Man City,0,4
2022-05-01T00:00:00Z,Everton,Chelsea,1,0
2022-05-01T00:00:00Z,Tottenham,Leicester,3,1
2022-05-01T00:00:00Z,West Ham,Arsenal,1,2
2022-05-02T00:00:00Z,Man United,Brentford,3,0
2022-05-07T00:00:00Z,Brentford,Southampton,3,0
2022-05-07T00:00:00Z,Burnley,Aston Villa,1,3
2022-05-07T00:00:00Z,Chelsea,Wolves,2,2
2022-05-07T00:00:00Z,Crystal Palace,Watford,1,0
2022-05-07T00:00:00Z,Brighton,Man United,4,0
2022-05-07T00:00:00Z,Liverpool,Tottenham,1,1
2022-05-08T00:00:00Z,Arsenal,Leeds,2,1
2022-05-08T00:00:00Z,Leicester,Everton,1,2
2022-05-08T00:00:00Z,Norwich,West Ham,0,4
2022-05-08T00:00:00Z,Man City,Newcastle,5,0
2022-05-10T00:00:00Z,Aston Villa,Liverpool,1,2
2022-05-11T00:00:00Z,Leeds,Chelsea,0,3
2022-05-11T00:00:00Z,Leicester,Norwich,3,0
2022-05-11T00:00:00Z,Watford,Everton,0,0
2022-05-11T00:00:00Z,Wolves,Man City,1,5
2022-05-12T00:00:00Z,Tottenham,Arsenal,3,0
2022-05-15T00:00:00Z,Tottenham,Burnley,1,0
2022-05-15T00:00:00Z,Aston Villa,Crystal Palace,1,1
2022-05-15T00:00:00Z,Leeds,Brighton,1,1
2022-05-15T00:00:00Z,Watford,Leicester,1,5
2022-05-15T00:00:00Z,West Ham,Man City,2,2
2022-05-15T00:00:00Z,Wolves,Norwich,1,1
2022-05-15T00:00:00Z,Everton,Brentford,2,3
2022-05-16T00:00:00Z,Newcastle,Arsenal,2,0
2022-05-17T00:00:00Z,Southampton,Liverpool,1,2
2022-05-19T00:00:00Z,Everton,Crystal Palace,3,2
2022-05-19T00:00:00Z,Aston Villa,Burnley,1,1
2022-05-19T00:00:00Z,Chelsea,Leicester,1,1
2022-05-22T00:00:00Z,Arsenal,Everton,5,1
2022-05-22T00:00:00Z,Brentford,Leeds,1,2
2022-05-22T00:00:00Z,Brighton,West Ham,3,1
2022-05-22T00:00:00Z,Burnley,Newcastle,1,2
2022-05-22T00:00:00Z,Chelsea,Watford,2,1
2022-05-22T00:00:00Z,Crystal Palace,Man United,1,0
2022-05-22T00:00:00Z,Leicester,Southampton,4,1
2022-05-22T00:00:00Z,Liverpool,Wolves,3,1
2022-05-22T00:00:00Z,Man City,Aston Villa,3,2
2022-05-22T00:00:00Z,Norwich,Tottenham,0,5
2020-09-12T00:00:00Z,Fulham,Arsenal,0,3
2020-09-12T00:00:00Z,Crystal Palace,Southampton,1,0
2020-09-12T00:00:00Z,Liverpool,Leeds,4,3
2020-09-12T00:00:00Z,West Ham,Newcastle,0,2
2020-09-13T00:00:00Z,West Brom,Leicester,0,3
2020-09-13T00:00:00Z,Tottenham,Everton,0,1
2020-09-14T00:00:00Z,Brighton,Chelsea,1,3
2020-09-14T00:00:00Z,Sheffield United,Wolves,0,2
2020-09-19T00:00:00Z,Everton,West Brom,5,2
2020-09-19T00:00:00Z,Leeds,Fulham,4,3
2020-09-19T00:00:00Z,Man United,Crystal Palace,1,3
2020-09-19T00:00:00Z,Arsenal,West Ham,2,1
2020-09-20T00:00:00Z,Southampton,Tottenham,2,5
2020-09-20T00:00:00Z,Newcastle,Brighton,0,3
2020-09-20T00:00:00Z,Chelsea,Liverpool,0,2
2020-09-20T00:00:00Z,Leicester,Burnley,4,2
2020-09-21T00:00:00Z,Aston Villa,Sheffield United,1,0
2020-09-21T00:00:00Z,Wolves,Man City,1,3
2020-09-26T00:00:00Z,Brighton,Man United,2,3
2020-09-26T00:00:00Z,Crystal Palace,Everton,1,2
2020-09-26T00:00:00Z,West Brom,Chelsea,3,3
2020-09-26T00:00:00Z,Burnley,Southampton,0,1
2020-09-27T00:00:00Z,Sheffield United,Leeds,0,1
2020-09-27T00:00:00Z,Tottenham,Newcastle,1,1
2020-09-27T00:00:00Z,Man City,Leicester,2,5
2020-09-27T00:00:00Z,West Ham,Wolves,4,0
2020-09-28T00:00:00Z,Fulham,Aston Villa,0,3
2020-09-28T00:00:00Z,Liverpool,Arsenal,3,1
2020-10-03T00:00:00Z,Chelsea,Crystal Palace,4,0
2020-10-03T00:00:00Z,Everton,Brighton,4,2
2020-10-03T00:00:00Z,Leeds,Man City,1,1
2020-10-03T00:00:00Z,Newcastle,Burnley,3,1
2020-10-04T00:00:00Z,Leicester,West Ham,0,3
2020-10-04T00:00:00Z,Southampton,West Brom,2,0
2020-10-04T00:00:00Z,Arsenal,Sheffield United,2,1
2020-10-04T00:00:00Z,Wolves,Fulham,1,0
2020-10-04T00:00:00Z,Man United,Tottenham,1,6
2020-10-04T00:00:00Z,Aston Villa,Liverpool,7,2
2020-10-17T00:00:00Z,Everton,Liverpool,2,2
2020-10-17T00:00:00Z,Chelsea,Southampton,3,3
2020-10-17T00:00:00Z,Man City,Arsenal,1,0
2020-10-17T00:00:00Z,Newcastle,Man United,1,4
2020-10-18T00:00:00Z,Sheffield United,Fulham,1,1
2020-10-18T00:00:00Z,Crystal Palace,Brighton,1,1
2020-10-18T00:00:00Z,Tottenham,West Ham,3,3
2020-10-18T00:00:00Z,Leicester,Aston Villa,0,1
2020-10-19T00:00:00Z,West Brom,Burnley,0,0
2020-10-19T00:00:00Z,Leeds,Wolves,0,1
2020-10-23T00:00:00Z,Aston Villa,Leeds,0,3
2020-10-24T00:00:00Z,West Ham,Man City,1,1
2020-10-24T00:00:00Z,Fulham,Crystal Palace,1,2
2020-10-24T00:00:00Z,Man United,Chelsea,0,0
2020-10-24T00:00:00Z,Liverpool,Sheffield United,2,1
2020-10-25T00:00:00Z,Southampton,Everton,2,0
2020-10-25T00:00:00Z,Wolves,Newcastle,1,1
2020-10-25T00:00:00Z,Arsenal,Leicester,0,1
2020-10-26T00:00:00Z,Brighton,West Brom,1,1
2020-10-26T00:00:00Z,Burnley,Tottenham,0,1
2020-10-30T00:00:00Z,Wolves,Crystal Palace,2,0
2020-10-31T00:00:00Z,Sheffield United,Man City,0,1
2020-10-31T00:00:00Z,Burnley,Chelsea,0,3
2020-10-31T00:00:00Z,Liverpool,West Ham,2,1
2020-11-01T00:00:00Z,Aston Villa,Southampton,3,4
2020-11-01T00:00:00Z,Newcastle,Everton,2,1
2020-11-01T00:00:00Z,Man United,Arsenal,0,1
2020-11-01T00:00:00Z,Tottenham,Brighton,2,1
2020-11-02T00:00:00Z,Fulham,West Brom,2,0
2020-11-02T00:00:00Z,Leeds,Leicester,1,4
2020-11-06T00:00:00Z,Brighton,Burnley,0,0
2020-11-06T00:00:00Z,Southampton,Newcastle,2,0
2020-11-07T00:00:00Z,Everton,Man United,1,3
2020-11-07T00:00:00Z,Crystal Palace,Leeds,4,1
2020-11-07T00:00:00Z,Chelsea,Sheffield United,4,1
2020-11-07T00:00:00Z,West Ham,Fulham,1,0
2020-11-08T00:00:00Z,West Brom,Tottenham,0,1
2020-11-08T00:00:00Z,Leicester,Wolves,1,0
2020-11-08T00:00:00Z,Man City,Liverpool,1,1
2020-11-08T00:00:00Z,Arsenal,Aston Villa,0,3
2020-11-21T00:00:00Z,Newcastle,Chelsea,0,2
2020-11-21T00:00:00Z,Aston Villa,Brighton,1,2
2020-11-21T00:00:00Z,Tottenham,Man City,2,0
2020-11-21T00:00:00Z,Man United,West Brom,1,0
2020-11-22T00:00:00Z,Fulham,Everton,2,3
2020-11-22T00:00:00Z,Sheffield United,West Ham,0,1
2020-11-22T00:00:00Z,Leeds,Arsenal,0,0
2020-11-22T00:00:00Z,Liverpool,Leicester,3,0
2020-11-23T00:00:00Z,Burnley,Crystal Palace,1,0
2020-11-23T00:00:00Z,Wolves,Southampton,1,1
2020-11-27T00:00:00Z,Crystal Palace,Newcastle,0,2
2020-11-28T00:00:00Z,Brighton,Liverpool,1,1
2020-11-28T00:00:00Z,Man City,Burnley,5,0
2020-11-28T00:00:00Z,Everton,Leeds,0,1
2020-11-28T00:00:00Z,West Brom,Sheffield United,1,0
2020-11-29T00:00:00Z,Southampton,Man United,2,3
2020-11-29T00:00:00Z,Chelsea,Tottenham,0,0
2020-11-29T00:00:00Z,Arsenal,Wolves,1,2
2020-11-30T00:00:00Z,Leicester,Fulham,1,2
2020-11-30T00:00:00Z,West Ham,Aston Villa,2,1
2020-12-05T00:00:00Z,Burnley,Everton,1,1
2020-12-05T00:00:00Z,Man City,Fulham,2,0
2020-12-05T00:00:00Z,West Ham,Man United,1,3
2020-12-05T00:00:00Z,Chelsea,Leeds,3,1
2020-12-06T00:00:00Z,West Brom,Crystal Palace,1,5
2020-12-06T00:00:00Z,Sheffield United,Leicester,1,2
2020-12-06T00:00:00Z,Tottenham,Arsenal,2,0
2020-12-06T00:00:00Z,Liverpool,Wolves,4,0
2020-12-07T00:00:00Z,Brighton,Southampton,1,2
2020-12-11T00:00:00Z,Leeds,West Ham,1,2
2020-12-12T00:00:00Z,Wolves,Aston Villa,0,1
2020-12-12T00:00:00Z,Newcastle,West Brom,2,1
2020-12-12T00:00:00Z,Man United,Man City,0,0
2020-12-12T00:00:00Z,Everton,Chelsea,1,0
2020-12-13T00:00:00Z,Southampton,Sheffield United,3,0
2020-12-13T00:00:00Z,Crystal Palace,Tottenham,1,1
2020-12-13T00:00:00Z,Fulham,Liverpool,1,1
2020-12-13T00:00:00Z,Arsenal,Burnley,0,1
2020-12-13T00:00:00Z,Leicester,Brighton,3,0
2020-12-15T00:00:00Z,Wolves,Chelsea,2,1
2020-12-15T00:00:00Z,Man City,West Brom,1,1
2020-12-16T00:00:00Z,Arsenal,Southampton,1,1
2020-12-16T00:00:00Z,Leeds,Newcastle,5,2
2020-12-16T00:00:00Z,Leicester,Everton,0,2
2020-12-16T00:00:00Z,Fulham,Brighton,0,0
2020-12-16T00:00:00Z,Liverpool,Tottenham,2,1
2020-12-16T00:00:00Z,West Ham,Crystal Palace,1,1
2020-12-17T00:00:00Z,Aston Villa,Burnley,0,0
2020-12-17T00:00:00Z,Sheffield United,Man United,2,3
2020-12-19T00:00:00Z,Crystal Palace,Liverpool,0,7
2020-12-19T00:00:00Z,Southampton,Man City,0,1
2020-12-19T00:00:00Z,Everton,Arsenal,2,1
2020-12-19T00:00:00Z,Newcastle,Fulham,1,1
2020-12-20T00:00:00Z,Brighton,Sheffield United,1,1
2020-12-20T00:00:00Z,Tottenham,Leicester,0,2
2020-12-20T00:00:00Z,Man United,Leeds,6,2
2020-12-20T00:00:00Z,West Brom,Aston Villa,0,3
2020-12-21T00:00:00Z,Burnley,Wolves,2,1
2020-12-21T00:00:00Z,Chelsea,West Ham,3,0
2020-12-26T00:00:00Z,Leicester,Man United,2,2
2020-12-26T00:00:00Z,Aston Villa,Crystal Palace,3,0
2020-12-26T00:00:00Z,Fulham,Southampton,0,0
2020-12-26T00:00:00Z,Arsenal,Chelsea,3,1
2020-12-26T00:00:00Z,Man City,Newcastle,2,0
2020-12-26T00:00:00Z,Sheffield United,Everton,0,1
2020-12-27T00:00:00Z,Leeds,Burnley,1,0
2020-12-27T00:00:00Z,West Ham,Brighton,2,2
2020-12-27T00:00:00Z,Liverpool,West Brom,1,1
2020-12-27T00:00:00Z,Wolves,Tottenham,1,1
2020-12-28T00:00:00Z,Crystal Palace,Leicester,1,1
2020-12-28T00:00:00Z,Chelsea,Aston Villa,1,1
2020-12-29T00:00:00Z,Brighton,Arsenal,0,1
2020-12-29T00:00:00Z,Burnley,Sheffield United,1,0
2020-12-29T00:00:00Z,Southampton,West Ham,0,0
2020-12-29T00:00:00Z,West Brom,Leeds,0,5
2020-12-29T00:00:00Z,Man United,Wolves,1,0
2020-12-30T00:00:00Z,Newcastle,Liverpool,0,0
2021-01-01T00:00:00Z,Everton,West Ham,0,1
2021-01-01T00:00:00Z,Man United,Aston Villa,2,1
2021-01-02T00:00:00Z,Tottenham,Leeds,3,0
2021-01-02T00:00:00Z,Crystal Palace,Sheffield United,2,0
2021-01-02T00:00:00Z,Brighton,Wolves,3,3
2021-01-02T00:00:00Z,West Brom,Arsenal,0,4
2021-01-03T00:00:00Z,Newcastle,Leicester,1,2
2021-01-03T00:00:00Z,Chelsea,Man City,1,3
2021-01-04T00:00:00Z,Southampton,Liverpool,1,0
2021-01-12T00:00:00Z,Sheffield United,Newcastle,1,0
2021-01-12T00:00:00Z,Burnley,Man United,0,1
2021-01-12T00:00:00Z,Wolves,Everton,1,2
2021-01-13T00:00:00Z,Man City,Brighton,1,0
2021-01-13T00:00:00Z,Tottenham,Fulham,1,1
2021-01-14T00:00:00Z,Arsenal,Crystal Palace,0,0
2021-01-16T00:00:00Z,Wolves,West Brom,2,3
2021-01-16T00:00:00Z,Leeds,Brighton,0,1
2021-01-16T00:00:00Z,West Ham,Burnley,1,0
2021-01-16T00:00:00Z,Fulham,Chelsea,0,1
2021-01-16T00:00:00Z,Leicester,Southampton,2,0
2021-01-17T00:00:00Z,Sheffield United,Tottenham,1,3
2021-01-17T00:00:00Z,Liverpool,Man United,0,0
2021-01-17T00:00:00Z,Man City,Crystal Palace,4,0
2021-01-18T00:00:00Z,Arsenal,Newcastle,3,0
2021-01-19T00:00:00Z,West Ham,West Brom,2,1
2021-01-19T00:00:00Z,Leicester,Chelsea,2,0
2021-01-20T00:00:00Z,Man City,Aston Villa,2,0
2021-01-20T00:00:00Z,Fulham,Man United,1,2
2021-01-21T00:00:00Z,Liverpool,Burnley,0,1
2021-01-23T00:00:00Z,Aston Villa,Newcastle,2,0
2021-01-26T00:00:00Z,Crystal Palace,West Ham,2,3
2021-01-26T00:00:00Z,Newcastle,Leeds,1,2
2021-01-26T00:00:00Z,Southampton,Arsenal,1,3
2021-01-26T00:00:00Z,West Brom,Man City,0,5
2021-01-27T00:00:00Z,Burnley,Aston Villa,3,2
2021-01-27T00:00:00Z,Chelsea,Wolves,0,0
2021-01-27T00:00:00Z,Brighton,Fulham,0,0
2021-01-27T00:00:00Z,Everton,Leicester,1,1
2021-01-27T00:00:00Z,Man United,Sheffield United,1,2
2021-01-28T00:00:00Z,Tottenham,Liverpool,1,3
2021-01-30T00:00:00Z,Everton,Newcastle,0,2
2021-01-30T00:00:00Z,Crystal Palace,Wolves,1,0
2021-01-30T00:00:00Z,Man City,Sheffield United,1,0
2021-01-30T00:00:00Z,West Brom,Fulham,2,2
2021-01-30T00:00:00Z,Arsenal,Man United,0,0
2021-01-30T00:00:00Z,Southampton,Aston Villa,0,1
2021-01-31T00:00:00Z,Chelsea,Burnley,2,0
2021-01-31T00:00:00Z,Leicester,Leeds,1,3
2021-01-31T00:00:00Z,West Ham,Liverpool,1,3
2021-01-31T00:00:00Z,Brighton,Tottenham,1,0
2021-02-02T00:00:00Z,Sheffield United,West Brom,2,1
2021-02-02T00:00:00Z,Wolves,Arsenal,2,1
2021-02-02T00:00:00Z,Man United,Southampton,9,0
2021-02-02T00:00:00Z,Newcastle,Crystal Palace,1,2
2021-02-03T00:00:00Z,Burnley,Man City,0,2
2021-02-03T00:00:00Z,Fulham,Leicester,0,2
2021-02-03T00:00:00Z,Leeds,Everton,1,2
2021-02-03T00:00:00Z,Aston Villa,West Ham,1,3
2021-02-03T00:00:00Z,Liverpool,Brighton,0,1
2021-02-04T00:00:00Z,Tottenham,Chelsea,0,1
2021-02-06T00:00:00Z,Aston Villa,Arsenal,1,0
2021-02-06T00:00:00Z,Burnley,Brighton,1,1
2021-02-06T00:00:00Z,Newcastle,Southampton,3,2
2021-02-06T00:00:00Z,Fulham,West Ham,0,0
2021-02-06T00:00:00Z,Man United,Everton,3,3
2021-02-07T00:00:00Z,Tottenham,West Brom,2,0
2021-02-07T00:00:00Z,Wolves,Leicester,0,0
2021-02-07T00:00:00Z,Liverpool,Man City,1,4
2021-02-07T00:00:00Z,Sheffield United,Chelsea,1,2
2021-02-08T00:00:00Z,Leeds,Crystal Palace,2,0
2021-02-13T00:00:00Z,Leicester,Liverpool,3,1
2021-02-13T00:00:00Z,Crystal Palace,Burnley,0,3
2021-02-13T00:00:00Z,Man City,Tottenham,3,0
2021-02-13T00:00:00Z,Brighton,Aston Villa,0,0
2021-02-14T00:00:00Z,Southampton,Wolves,1,2
2021-02-14T00:00:00Z,West Brom,Man United,1,1
2021-02-14T00:00:00Z,Arsenal,Leeds,4,2
2021-02-14T00:00:00Z,Everton,Fulham,0,2
2021-02-15T00:00:00Z,West Ham,Sheffield United,3,0
2021-02-15T00:00:00Z,Chelsea,Newcastle,2,0
2021-02-17T00:00:00Z,Burnley,Fulham,1,1
2021-02-17T00:00:00Z,Everton,Man City,1,3
2021-02-19T00:00:00Z,Wolves,Leeds,1,0
2021-02-20T00:00:00Z,Southampton,Chelsea,1,1
2021-02-20T00:00:00Z,Burnley,West Brom,0,0
2021-02-20T00:00:00Z,Liverpool,Everton,0,2
2021-02-20T00:00:00Z,Fulham,Sheffield United,1,0
2021-02-21T00:00:00Z,West Ham,Tottenham,2,1
2021-02-21T00:00:00Z,Aston Villa,Leicester,1,2
2021-02-21T00:00:00Z,Arsenal,Man City,0,1
2021-02-21T00:00:00Z,Man United,Newcastle,3,1
2021-02-22T00:00:00Z,Brighton,Crystal Palace,1,2
2021-02-23T00:00:00Z,Leeds,Southampton,3,0
2021-02-27T00:00:00Z,Man City,West Ham,2,1
2021-02-27T00:00:00Z,West Brom,Brighton,1,0
2021-02-27T00:00:00Z,Leeds,Aston Villa,0,1
2021-02-27T00:00:00Z,Newcastle,Wolves,1,1
2021-02-28T00:00:00Z,Crystal Palace,Fulham,0,0
2021-02-28T00:00:00Z,Leicester,Arsenal,1,3
2021-02-28T00:00:00Z,Tottenham,Burnley,4,0
2021-02-28T00:00:00Z,Chelsea,Man United,0,0
2021-02-28T00:00:00Z,Sheffield United,Liverpool,0,2
2021-03-01T00:00:00Z,Everton,Southampton,1,0
2021-03-02T00:00:00Z,Man City,Wolves,4,1
2021-03-03T00:00:00Z,Burnley,Leicester,1,1
2021-03-03T00:00:00Z,Sheffield United,Aston Villa,1,0
2021-03-03T00:00:00Z,Crystal Palace,Man United,0,0
2021-03-04T00:00:00Z,Fulham,Tottenham,0,1
2021-03-04T00:00:00Z,West Brom,Everton,0,1
2021-03-04T00:00:00Z,Liverpool,Chelsea,0,1
2021-03-06T00:00:00Z,Burnley,Arsenal,1,1
2021-03-06T00:00:00Z,Sheffield United,Southampton,0,2
2021-03-06T00:00:00Z,Aston Villa,Wolves,0,0
2021-03-06T00:00:00Z,Brighton,Leicester,1,2
2021-03-07T00:00:00Z,West Brom,Newcastle,0,0
2021-03-07T00:00:00Z,Liverpool,Fulham,0,1
2021-03-07T00:00:00Z,Man City,Man United,0,2
2021-03-07T00:00:00Z,Tottenham,Crystal Palace,4,1
2021-03-08T00:00:00Z,Chelsea,Everton,2,0
2021-03-08T00:00:00Z,West Ham,Leeds,2,0
2021-03-10T00:00:00Z,Man City,Southampton,5,2
2021-03-12T00:00:00Z,Newcastle,Aston Villa,1,1
2021-03-13T00:00:00Z,Leeds,Chelsea,0,0
2021-03-13T00:00:00Z,Crystal Palace,West Brom,1,0
2021-03-13T00:00:00Z,Everton,Burnley,1,2
2021-03-13T00:00:00Z,Fulham,Man City,0,3
2021-03-14T00:00:00Z,Southampton,Brighton,1,2
2021-03-14T00:00:00Z,Leicester,Sheffield United,5,0
2021-03-14T00:00:00Z,Arsenal,Tottenham,2,1
2021-03-14T00:00:00Z,Man United,West Ham,1,0
2021-03-15T00:00:00Z,Wolves,Liverpool,0,1
2021-03-19T00:00:00Z,Fulham,Leeds,1,2
2021-03-20T00:00:00Z,Brighton,Newcastle,3,0
2021-03-21T00:00:00Z,West Ham,Arsenal,3,3
2021-03-21T00:00:00Z,Aston Villa,Tottenham,0,2
2021-04-03T00:00:00Z,Chelsea,West Brom,2,5
2021-04-03T00:00:00Z,Leeds,Sheffield United,2,1
2021-04-03T00:00:00Z,Leicester,Man City,0,2
2021-04-03T00:00:00Z,Arsenal,Liverpool,0,3
2021-04-04T00:00:00Z,Southampton,Burnley,3,2
2021-04-04T00:00:00Z,Newcastle,Tottenham,2,2
2021-04-04T00:00:00Z,Aston Villa,Fulham,3,1
2021-04-04T00:00:00Z,Man United,Brighton,2,1
2021-04-05T00:00:00Z,Everton,Crystal Palace,1,1
2021-04-05T00:00:00Z,Wolves,West Ham,2,3
2021-04-09T00:00:00Z,Fulham,Wolves,0,1
2021-04-10T00:00:00Z,Man City,Leeds,1,2
2021-04-10T00:00:00Z,Liverpool,Aston Villa,2,1
2021-04-10T00:00:00Z,Crystal Palace,Chelsea,1,4
2021-04-11T00:00:00Z,Burnley,Newcastle,1,2
2021-04-11T00:00:00Z,West Ham,Leicester,3,2
2021-04-11T00:00:00Z,Tottenham,Man United,1,3
2021-04-11T00:00:00Z,Sheffield United,Arsenal,0,3
2021-04-12T00:00:00Z,West Brom,Southampton,3,0
2021-04-12T00:00:00Z,Brighton,Everton,0,0
2021-04-16T00:00:00Z,Everton,Tottenham,2,2
2021-04-17T00:00:00Z,Newcastle,West Ham,3,2
2021-04-17T00:00:00Z,Wolves,Sheffield United,1,0
2021-04-18T00:00:00Z,Arsenal,Fulham,1,1
2021-04-18T00:00:00Z,Man United,Burnley,3,1
2021-04-19T00:00:00Z,Leeds,Liverpool,1,1
2021-04-20T00:00:00Z,Chelsea,Brighton,0,0
2021-04-21T00:00:00Z,Tottenham,Southampton,2,1
2021-04-21T00:00:00Z,Aston Villa,Man City,1,2
2021-04-22T00:00:00Z,Leicester,West Brom,3,0
2021-04-23T00:00:00Z,Arsenal,Everton,0,1
2021-04-24T00:00:00Z,Liverpool,Newcastle,1,1
2021-04-24T00:00:00Z,West Ham,Chelsea,0,1
2021-04-24T00:00:00Z,Sheffield United,Brighton,1,0
2021-04-25T00:00:00Z,Wolves,Burnley,0,4
2021-04-25T00:00:00Z,Leeds,Man United,0,0
2021-04-25T00:00:00Z,Aston Villa,West Brom,2,2
2021-04-26T00:00:00Z,Leicester,Crystal Palace,2,1
2021-04-30T00:00:00Z,Southampton,Leicester,1,1
2021-05-01T00:00:00Z,Crystal Palace,Man City,0,2
2021-05-01T00:00:00Z,Brighton,Leeds,2,0
2021-05-01T00:00:00Z,Chelsea,Fulham,2,0
2021-05-01T00:00:00Z,Everton,Aston Villa,1,2
2021-05-02T00:00:00Z,Newcastle,Arsenal,0,2
2021-05-02T00:00:00Z,Tottenham,Sheffield United,4,0
2021-05-03T00:00:00Z,West Brom,Wolves,1,1
2021-05-03T00:00:00Z,Burnley,West Ham,1,2
2021-05-07T00:00:00Z,Leicester,Newcastle,2,4
2021-05-08T00:00:00Z,Leeds,Tottenham,3,1
2021-05-08T00:00:00Z,Sheffield United,Crystal Palace,0,2
2021-05-08T00:00:00Z,Man City,Chelsea,1,2
2021-05-08T00:00:00Z,Liverpool,Southampton,2,0
2021-05-09T00:00:00Z,Wolves,Brighton,2,1
2021-05-09T00:00:00Z,Aston Villa,Man United,1,3
2021-05-09T00:00:00Z,West Ham,Everton,0,1
2021-05-09T00:00:00Z,Arsenal,West Brom,3,1
2021-05-10T00:00:00Z,Fulham,Burnley,0,2
2021-05-11T00:00:00Z,Man United,Leicester,1,2
2021-05-11T00:00:00Z,Southampton,Crystal Palace,3,1
2021-05-12T00:00:00Z,Chelsea,Arsenal,0,1
2021-05-13T00:00:00Z,Aston Villa,Everton,0,0
2021-05-13T00:00:00Z,Man United,Liverpool,2,4
2021-05-14T00:00:00Z,Newcastle,Man City,3,4
2021-05-15T00:00:00Z,Burnley,Leeds,0,4
2021-05-15T00:00:00Z,Southampton,Fulham,3,1
2021-05-15T00:00:00Z,Brighton,West Ham,1,1
2021-05-16T00:00:00Z,Crystal Palace,Aston Villa,3,2
2021-05-16T00:00:00Z,Tottenham,Wolves,2,0
2021-05-16T00:00:00Z,West Brom,Liverpool,1,2
2021-05-16T00:00:00Z,Everton,Sheffield United,0,1
2021-05-18T00:00:00Z,Man United,Fulham,1,1
2021-05-18T00:00:00Z,Southampton,Leeds,0,2
2021-05-18T00:00:00Z,Brighton,Man City,3,2
2021-05-18T00:00:00Z,Chelsea,Leicester,2,1
2021-05-19T00:00:00Z,Everton,Wolves,1,0
2021-05-19T00:00:00Z,Newcastle,Sheffield United,1,0
2021-05-19T00:00:00Z,Tottenham,Aston Villa,1,2
2021-05-19T00:00:00Z,Crystal Palace,Arsenal,1,3
2021-05-19T00:00:00Z,Burnley,Liverpool,0,3
2021-05-19T00:00:00Z,West Brom,West Ham,1,3
2021-05-23T00:00:00Z,Arsenal,Brighton,2,0
2021-05-23T00:00:00Z,Aston Villa,Chelsea,2,1
2021-05-23T00:00:00Z,Fulham,Newcastle,0,2
2021-05-23T00:00:00Z,Leeds,West Brom,3,1
2021-05-23T00:00:00Z,Leicester,Tottenham,2,4
2021-05-23T00:00:00Z,Liverpool,Crystal Palace,2,0
2021-05-23T00:00:00Z,Man City,Everton,5,0
2021-05-23T00:00:00Z,Sheffield United,Burnley,1,0
2021-05-23T00:00:00Z,West Ham,Southampton,3,0
2021-05-23T00:00:00Z,Wolves,Man United,1,2
2019-08-09T00:00:00Z,Liverpool,Norwich,4,1
2019-08-10T00:00:00Z,West Ham,Man City,0,5
2019-08-10T00:00:00Z,Bournemouth,Sheffield United,1,1
2019-08-10T00:00:00Z,Burnley,Southampton,3,0
2019-08-10T00:00:00Z,Crystal Palace,Everton,0,0
2019-08-10T00:00:00Z,Watford,Brighton,0,3
2019-08-10T00:00:00Z,Tottenham,Aston Villa,3,1
2019-08-11T00:00:00Z,Leicester,Wolves,0,0
2019-08-11T00:00:00Z,Newcastle,Arsenal,0,1
2019-08-11T00:00:00Z,Man United,Chelsea,4,0
2019-08-17T00:00:00Z,Arsenal,Burnley,2,1
2019-08-17T00:00:00Z,Aston Villa,Bournemouth,1,2
2019-08-17T00:00:00Z,Brighton,West Ham,1,1
2019-08-17T00:00:00Z,Everton,Watford,1,0
2019-08-17T00:00:00Z,Norwich,Newcastle,3,1
2019-08-17T00:00:00Z,Southampton,Liverpool,1,2
2019-08-17T00:00:00Z,Man City,Tottenham,2,2
2019-08-18T00:00:00Z,Sheffield United,Crystal Palace,1,0
2019-08-18T00:00:00Z,Chelsea,Leicester,1,1
2019-08-19T00:00:00Z,Wolves,Man United,1,1
2019-08-23T00:00:00Z,Aston Villa,Everton,2,0
2019-08-24T00:00:00Z,Norwich,Chelsea,2,3
2019-08-24T00:00:00Z,Brighton,Southampton,0,2
2019-08-24T00:00:00Z,Man United,Crystal Palace,1,2
2019-08-24T00:00:00Z,Sheffield United,Leicester,1,2
2019-08-24T00:00:00Z,Watford,West Ham,1,3
2019-08-24T00:00:00Z,Liverpool,Arsenal,3,1
2019-08-25T00:00:00Z,Bournemouth,Man City,1,3
2019-08-25T00:00:00Z,Tottenham,Newcastle,0,1
2019-08-25T00:00:00Z,Wolves,Burnley,1,1
2019-08-31T00:00:00Z,Southampton,Man United,1,1
2019-08-31T00:00:00Z,Chelsea,Sheffield United,2,2
2019-08-31T00:00:00Z,Crystal Palace,Aston Villa,1,0
2019-08-31T00:00:00Z,Leicester,Bournemouth,3,1
2019-08-31T00:00:00Z,Man City,Brighton,4,0
2019-08-31T00:00:00Z,Newcastle,Watford,1,1
2019-08-31T00:00:00Z,West Ham,Norwich,2,0
2019-08-31T00:00:00Z,Burnley,Liverpool,0,3
2019-09-01T00:00:00Z,Everton,Wolves,3,2
2019-09-01T00:00:00Z,Arsenal,Tottenham,2,2
2019-09-14T00:00:00Z,Liverpool,Newcastle,3,1
2019-09-14T00:00:00Z,Brighton,Burnley,1,1
2019-09-14T00:00:00Z,Man United,Leicester,1,0
2019-09-14T00:00:00Z,Sheffield United,Southampton,0,1
2019-09-14T00:00:00Z,Tottenham,Crystal Palace,4,0
2019-09-14T00:00:00Z,Wolves,Chelsea,2,5
2019-09-14T00:00:00Z,Norwich,Man City,3,2
2019-09-15T00:00:00Z,Bournemouth,Everton,3,1
2019-09-15T00:00:00Z,Watford,Arsenal,2,2
2019-09-16T00:00:00Z,Aston Villa,West Ham,0,0
2019-09-20T00:00:00Z,Southampton,Bournemouth,1,3
2019-09-21T00:00:00Z,Leicester,Tottenham,2,1
2019-09-21T00:00:00Z,Burnley,Norwich,2,0
2019-09-21T00:00:00Z,Everton,Sheffield United,0,2
2019-09-21T00:00:00Z,Man City,Watford,8,0
2019-09-21T00:00:00Z,Newcastle,Brighton,0,0
2019-09-22T00:00:00Z,Crystal Palace,Wolves,1,1
2019-09-22T00:00:00Z,West Ham,Man United,2,0
2019-09-22T00:00:00Z,Arsenal,Aston Villa,3,2
2019-09-22T00:00:00Z,Chelsea,Liverpool,1,2
2019-09-28T00:00:00Z,Sheffield United,Liverpool,0,1
2019-09-28T00:00:00Z,Aston Villa,Burnley,2,2
2019-09-28T00:00:00Z,Bournemouth,West Ham,2,2
2019-09-28T00:00:00Z,Chelsea,Brighton,2,0
2019-09-28T00:00:00Z,Crystal Palace,Norwich,2,0
2019-09-28T00:00:00Z,Tottenham,Southampton,2,1
2019-09-28T00:00:00Z,Wolves,Watford,2,0
2019-09-28T00:00:00Z,Everton,Man City,1,3
2019-09-29T00:00:00Z,Leicester,Newcastle,5,0
2019-09-30T00:00:00Z,Man United,Arsenal,1,1
2019-10-05T00:00:00Z,Brighton,Tottenham,3,0
2019-10-05T00:00:00Z,Burnley,Everton,1,0
2019-10-05T00:00:00Z,Liverpool,Leicester,2,1
2019-10-05T00:00:00Z,Norwich,Aston Villa,1,5
2019-10-05T00:00:00Z,Watford,Sheffield United,0,0
2019-10-05T00:00:00Z,West Ham,Crystal Palace,1,2
2019-10-06T00:00:00Z,Arsenal,Bournemouth,1,0
2019-10-06T00:00:00Z,Man City,Wolves,0,2
2019-10-06T00:00:00Z,Southampton,Chelsea,1,4
2019-10-06T00:00:00Z,Newcastle,Man United,1,0
2019-10-19T00:00:00Z,Everton,West Ham,2,0
2019-10-19T00:00:00Z,Aston Villa,Brighton,2,1
2019-10-19T00:00:00Z,Bournemouth,Norwich,0,0
2019-10-19T00:00:00Z,Chelsea,Newcastle,1,0
2019-10-19T00:00:00Z,Leicester,Burnley,2,1
2019-10-19T00:00:00Z,Tottenham,Watford,1,1
2019-10-19T00:00:00Z,Wolves,Southampton,1,1
2019-10-19T00:00:00Z,Crystal Palace,Man City,0,2
2019-10-20T00:00:00Z,Man United,Liverpool,1,1
2019-10-21T00:00:00Z,Sheffield United,Arsenal,1,0
2019-10-25T00:00:00Z,Southampton,Leicester,0,9
2019-10-26T00:00:00Z,Man City,Aston Villa,3,0
2019-10-26T00:00:00Z,Brighton,Everton,3,2
2019-10-26T00:00:00Z,Watford,Bournemouth,0,0
2019-10-26T00:00:00Z,West Ham,Sheffield United,1,1
2019-10-26T00:00:00Z,Burnley,Chelsea,2,4
2019-10-27T00:00:00Z,Newcastle,Wolves,1,1
2019-10-27T00:00:00Z,Arsenal,Crystal Palace,2,2
2019-10-27T00:00:00Z,Liverpool,Tottenham,2,1
2019-10-27T00:00:00Z,Norwich,Man United,1,3
2019-11-02T00:00:00Z,Bournemouth,Man United,1,0
2019-11-02T00:00:00Z,Arsenal,Wolves,1,1
2019-11-02T00:00:00Z,Aston Villa,Liverpool,1,2
2019-11-02T00:00:00Z,Brighton,Norwich,2,0
2019-11-02T00:00:00Z,Man City,Southampton,2,1
2019-11-02T00:00:00Z,Sheffield United,Burnley,3,0
2019-11-02T00:00:00Z,West Ham,Newcastle,2,3
2019-11-02T00:00:00Z,Watford,Chelsea,1,2
2019-11-03T00:00:00Z,Crystal Palace,Leicester,0,2
2019-11-03T00:00:00Z,Everton,Tottenham,1,1
2019-11-08T00:00:00Z,Norwich,Watford,0,2
2019-11-09T00:00:00Z,Chelsea,Crystal Palace,2,0
2019-11-09T00:00:00Z,Burnley,West Ham,3,0
2019-11-09T00:00:00Z,Newcastle,Bournemouth,2,1
2019-11-09T00:00:00Z,Southampton,Everton,1,2
2019-11-09T00:00:00Z,Tottenham,Sheffield United,1,1
2019-11-09T00:00:00Z,Leicester,Arsenal,2,0
2019-11-10T00:00:00Z,Man United,Brighton,3,1
2019-11-10T00:00:00Z,Wolves,Aston Villa,2,1
2019-11-10T00:00:00Z,Liverpool,Man City,3,1
2019-11-23T00:00:00Z,West Ham,Tottenham,2,3
2019-11-23T00:00:00Z,Arsenal,Southampton,2,2
2019-11-23T00:00:00Z,Bournemouth,Wolves,1,2
2019-11-23T00:00:00Z,Brighton,Leicester,0,2
2019-11-23T00:00:00Z,Crystal Palace,Liverpool,1,2
2019-11-23T00:00:00Z,Everton,Norwich,0,2
2019-11-23T00:00:00Z,Watford,Burnley,0,3
2019-11-23T00:00:00Z,Man City,Chelsea,2,1
2019-11-24T00:00:00Z,Sheffield United,Man United,3,3
2019-11-25T00:00:00Z,Aston Villa,Newcastle,2,0
2019-11-30T00:00:00Z,Newcastle,Man City,2,2
2019-11-30T00:00:00Z,Burnley,Crystal Palace,0,2
2019-11-30T00:00:00Z,Chelsea,West Ham,0,1
2019-11-30T00:00:00Z,Liverpool,Brighton,2,1
2019-11-30T00:00:00Z,Tottenham,Bournemouth,3,2
2019-11-30T00:00:00Z,Southampton,Watford,2,1
2019-12-01T00:00:00Z,Norwich,Arsenal,2,2
2019-12-01T00:00:00Z,Wolves,Sheffield United,1,1
2019-12-01T00:00:00Z,Leicester,Everton,2,1
2019-12-01T00:00:00Z,Man United,Aston Villa,2,2
2019-12-03T00:00:00Z,Crystal Palace,Bournemouth,1,0
2019-12-03T00:00:00Z,Burnley,Man City,1,4
2019-12-04T00:00:00Z,Chelsea,Aston Villa,2,1
2019-12-04T00:00:00Z,Leicester,Watford,2,0
2019-12-04T00:00:00Z,Man United,Tottenham,2,1
2019-12-04T00:00:00Z,Southampton,Norwich,2,1
2019-12-04T00:00:00Z,Wolves,West Ham,2,0
2019-12-04T00:00:00Z,Liverpool,Everton,5,2
2019-12-05T00:00:00Z,Sheffield United,Newcastle,0,2
2019-12-05T00:00:00Z,Arsenal,Brighton,1,2
2019-12-07T00:00:00Z,Everton,Chelsea,3,1
2019-12-07T00:00:00Z,Bournemouth,Liverpool,0,3
2019-12-07T00:00:00Z,Tottenham,Burnley,5,0
2019-12-07T00:00:00Z,Watford,Crystal Palace,0,0
2019-12-07T00:00:00Z,Man City,Man United,1,2
2019-12-08T00:00:00Z,Aston Villa,Leicester,1,4
2019-12-08T00:00:00Z,Newcastle,Southampton,2,1
2019-12-08T00:00:00Z,Norwich,Sheffield United,1,2
2019-12-08T00:00:00Z,Brighton,Wolves,2,2
2019-12-09T00:00:00Z,West Ham,Arsenal,1,3
2019-12-14T00:00:00Z,Liverpool,Watford,2,0
2019-12-14T00:00:00Z,Burnley,Newcastle,1,0
2019-12-14T00:00:00Z,Chelsea,Bournemouth,0,1
2019-12-14T00:00:00Z,Leicester,Norwich,1,1
2019-12-14T00:00:00Z,Sheffield United,Aston Villa,2,0
2019-12-14T00:00:00Z,Southampton,West Ham,0,1
2019-12-15T00:00:00Z,Man United,Everton,1,1
2019-12-15T00:00:00Z,Wolves,Tottenham,1,2
2019-12-15T00:00:00Z,Arsenal,Man City,0,3
2019-12-16T00:00:00Z,Crystal Palace,Brighton,1,1
2019-12-21T00:00:00Z,Everton,Arsenal,0,0
2019-12-21T00:00:00Z,Aston Villa,Southampton,1,3
2019-12-21T00:00:00Z,Bournemouth,Burnley,0,1
2019-12-21T00:00:00Z,Brighton,Sheffield United,0,1
2019-12-21T00:00:00Z,Newcastle,Crystal Palace,1,0
2019-12-21T00:00:00Z,Norwich,Wolves,1,2
2019-12-21T00:00:00Z,Man City,Leicester,3,1
2019-12-22T00:00:00Z,Watford,Man United,2,0
2019-12-22T00:00:00Z,Tottenham,Chelsea,0,2
2019-12-26T00:00:00Z,Tottenham,Brighton,2,1
2019-12-26T00:00:00Z,Aston Villa,Norwich,1,0
2019-12-26T00:00:00Z,Bournemouth,Arsenal,1,1
2019-12-26T00:00:00Z,Chelsea,Southampton,0,2
2019-12-26T00:00:00Z,Crystal Palace,West Ham,2,1
2019-12-26T00:00:00Z,Everton,Burnley,1,0
2019-12-26T00:00:00Z,Sheffield United,Watford,1,1
2019-12-26T00:00:00Z,Man United,Newcastle,4,1
2019-12-26T00:00:00Z,Leicester,Liverpool,0,4
2019-12-27T00:00:00Z,Wolves,Man City,3,2
2019-12-28T00:00:00Z,Brighton,Bournemouth,2,0
2019-12-28T00:00:00Z,Newcastle,Everton,1,2
2019-12-28T00:00:00Z,Southampton,Crystal Palace,1,1
2019-12-28T00:00:00Z,Watford,Aston Villa,3,0
2019-12-28T00:00:00Z,Norwich,Tottenham,2,2
2019-12-28T00:00:00Z,West Ham,Leicester,1,2
2019-12-28T00:00:00Z,Burnley,Man United,0,2
2019-12-29T00:00:00Z,Arsenal,Chelsea,1,2
2019-12-29T00:00:00Z,Liverpool,Wolves,1,0
2019-12-29T00:00:00Z,Man City,Sheffield United,2,0
2020-01-01T00:00:00Z,Brighton,Chelsea,1,1
2020-01-01T00:00:00Z,Burnley,Aston Villa,1,2
2020-01-01T00:00:00Z,Newcastle,Leicester,0,3
2020-01-01T00:00:00Z,Southampton,Tottenham,1,0
2020-01-01T00:00:00Z,Watford,Wolves,2,1
2020-01-01T00:00:00Z,Man City,Everton,2,1
2020-01-01T00:00:00Z,Norwich,Crystal Palace,1,1
2020-01-01T00:00:00Z,West Ham,Bournemouth,4,0
2020-01-01T00:00:00Z,Arsenal,Man United,2,0
2020-01-02T00:00:00Z,Liverpool,Sheffield United,2,0
2020-01-10T00:00:00Z,Sheffield United,West Ham,1,0
2020-01-11T00:00:00Z,Crystal Palace,Arsenal,1,1
2020-01-11T00:00:00Z,Chelsea,Burnley,3,0
2020-01-11T00:00:00Z,Everton,Brighton,1,0
2020-01-11T00:00:00Z,Leicester,Southampton,1,2
2020-01-11T00:00:00Z,Man United,Norwich,4,0
2020-01-11T00:00:00Z,Wolves,Newcastle,1,1
2020-01-11T00:00:00Z,Tottenham,Liverpool,0,1
2020-01-12T00:00:00Z,Bournemouth,Watford,0,3
2020-01-12T00:00:00Z,Aston Villa,Man City,1,6
2020-01-18T00:00:00Z,Watford,Tottenham,0,0
2020-01-18T00:00:00Z,Arsenal,Sheffield United,1,1
2020-01-18T00:00:00Z,Brighton,Aston Villa,1,1
2020-01-18T00:00:00Z,Man City,Crystal Palace,2,2
2020-01-18T00:00:00Z,Norwich,Bournemouth,1,0
2020-01-18T00:00:00Z,Southampton,Wolves,2,3
2020-01-18T00:00:00Z,West Ham,Everton,1,1
2020-01-18T00:00:00Z,Newcastle,Chelsea,1,0
2020-01-19T00:00:00Z,Burnley,Leicester,2,1
2020-01-19T00:00:00Z,Liverpool,Man United,2,0
2020-01-21T00:00:00Z,Aston Villa,Watford,2,1
2020-01-21T00:00:00Z,Bournemouth,Brighton,3,1
2020-01-21T00:00:00Z,Crystal Palace,Southampton,0,2
2020-01-21T00:00:00Z,Everton,Newcastle,2,2
2020-01-21T00:00:00Z,Sheffield United,Man City,0,1
2020-01-21T00:00:00Z,Chelsea,Arsenal,2,2
2020-01-22T00:00:00Z,Leicester,West Ham,4,1
2020-01-22T00:00:00Z,Tottenham,Norwich,2,1
2020-01-22T00:00:00Z,Man United,Burnley,0,2
2020-01-23T00:00:00Z,Wolves,Liverpool,1,2
2020-01-29T00:00:00Z,West Ham,Liverpool,0,2
2020-02-01T00:00:00Z,Leicester,Chelsea,2,2
2020-02-01T00:00:00Z,Bournemouth,Aston Villa,2,1
2020-02-01T00:00:00Z,Crystal Palace,Sheffield United,0,1
2020-02-01T00:00:00Z,Liverpool,Southampton,4,0
2020-02-01T00:00:00Z,Newcastle,Norwich,0,0
2020-02-01T00:00:00Z,Watford,Everton,2,3
2020-02-01T00:00:00Z,West Ham,Brighton,3,3
2020-02-01T00:00:00Z,Man United,Wolves,0,0
2020-02-02T00:00:00Z,Burnley,Arsenal,0,0
2020-02-02T00:00:00Z,Tottenham,Man City,2,0
2020-02-08T00:00:00Z,Everton,Crystal Palace,3,1
2020-02-08T00:00:00Z,Brighton,Watford,1,1
2020-02-09T00:00:00Z,Sheffield United,Bournemouth,2,1
2020-02-14T00:00:00Z,Wolves,Leicester,0,0
2020-02-15T00:00:00Z,Southampton,Burnley,1,2
2020-02-15T00:00:00Z,Norwich,Liverpool,0,1
2020-02-16T00:00:00Z,Aston Villa,Tottenham,2,3
2020-02-16T00:00:00Z,Arsenal,Newcastle,4,0
2020-02-17T00:00:00Z,Chelsea,Man United,0,2
2020-02-19T00:00:00Z,Man City,West Ham,2,0
2020-02-22T00:00:00Z,Chelsea,Tottenham,2,1
2020-02-22T00:00:00Z,Burnley,Bournemouth,3,0
2020-02-22T00:00:00Z,Crystal Palace,Newcastle,1,0
2020-02-22T00:00:00Z,Sheffield United,Brighton,1,1
2020-02-22T00:00:00Z,Southampton,Aston Villa,2,0
2020-02-22T00:00:00Z,Leicester,Man City,0,1
2020-02-23T00:00:00Z,Man United,Watford,3,0
2020-02-23T00:00:00Z,Wolves,Norwich,3,0
2020-02-23T00:00:00Z,Arsenal,Everton,3,2
2020-02-24T00:00:00Z,Liverpool,West Ham,3,2
2020-02-28T00:00:00Z,Norwich,Leicester,1,0
2020-02-29T00:00:00Z,Brighton,Crystal Palace,0,1
2020-02-29T00:00:00Z,Bournemouth,Chelsea,2,2
2020-02-29T00:00:00Z,Newcastle,Burnley,0,0
2020-02-29T00:00:00Z,West Ham,Southampton,3,1
2020-02-29T00:00:00Z,Watford,Liverpool,3,0
2020-03-01T00:00:00Z,Everton,Man United,1,1
2020-03-01T00:00:00Z,Tottenham,Wolves,2,3
2020-03-07T00:00:00Z,Liverpool,Bournemouth,2,1
2020-03-07T00:00:00Z,Arsenal,West Ham,1,0
2020-03-07T00:00:00Z,Crystal Palace,Watford,1,0
2020-03-07T00:00:00Z,Sheffield United,Norwich,1,0
2020-03-07T00:00:00Z,Southampton,Newcastle,0,1
2020-03-07T00:00:00Z,Wolves,Brighton,0,0
2020-03-07T00:00:00Z,Burnley,Tottenham,1,1
2020-03-08T00:00:00Z,Chelsea,Everton,4,0
2020-03-08T00:00:00Z,Man United,Man City,2,0
2020-03-09T00:00:00Z,Leicester,Aston Villa,4,0
2020-06-17T00:00:00Z,Aston Villa,Sheffield United,0,0
2020-06-17T00:00:00Z,Man City,Arsenal,3,0
2020-06-19T00:00:00Z,Norwich,Southampton,0,3
2020-06-19T00:00:00Z,Tottenham,Man United,1,1
2020-06-20T00:00:00Z,Watford,Leicester,1,1
2020-06-20T00:00:00Z,Brighton,Arsenal,2,1
2020-06-20T00:00:00Z,West Ham,Wolves,0,2
2020-06-20T00:00:00Z,Bournemouth,Crystal Palace,0,2
2020-06-21T00:00:00Z,Newcastle,Sheffield United,3,0
2020-06-21T00:00:00Z,Aston Villa,Chelsea,1,2
2020-06-21T00:00:00Z,Everton,Liverpool,0,0
2020-06-22T00:00:00Z,Man City,Burnley,5,0
2020-06-23T00:00:00Z,Leicester,Brighton,0,0
2020-06-23T00:00:00Z,Tottenham,West Ham,2,0
2020-06-24T00:00:00Z,Man United,Sheffield United,3,0
2020-06-24T00:00:00Z,Newcastle,Aston Villa,1,1
2020-06-24T00:00:00Z,Norwich,Everton,0,1
2020-06-24T00:00:00Z,Wolves,Bournemouth,1,0
2020-06-24T00:00:00Z,Liverpool,Crystal Palace,4,0
2020-06-25T00:00:00Z,Burnley,Watford,1,0
2020-06-25T00:00:00Z,Southampton,Arsenal,0,2
2020-06-25T00:00:00Z,Chelsea,Man City,2,1
2020-06-27T00:00:00Z,Aston Villa,Wolves,0,1
2020-06-28T00:00:00Z,Watford,Southampton,1,3
2020-06-29T00:00:00Z,Crystal Palace,Burnley,0,1
2020-06-30T00:00:00Z,Brighton,Man United,0,3
2020-07-01T00:00:00Z,Arsenal,Norwich,4,0
2020-07-01T00:00:00Z,Bournemouth,Newcastle,1,4
2020-07-01T00:00:00Z,Everton,Leicester,2,1
2020-07-01T00:00:00Z,West Ham,Chelsea,3,2
2020-07-02T00:00:00Z,Sheffield United,Tottenham,3,1
2020-07-02T00:00:00Z,Man City,Liverpool,4,0
2020-07-04T00:00:00Z,Norwich,Brighton,0,1
2020-07-04T00:00:00Z,Leicester,Crystal Palace,3,0
2020-07-04T00:00:00Z,Man United,Bournemouth,5,2
2020-07-04T00:00:00Z,Wolves,Arsenal,0,2
2020-07-04T00:00:00Z,Chelsea,Watford,3,0
2020-07-05T00:00:00Z,Burnley,Sheffield United,1,1
2020-07-05T00:00:00Z,Newcastle,West Ham,2,2
2020-07-05T00:00:00Z,Liverpool,Aston Villa,2,0
2020-07-05T00:00:00Z,Southampton,Man City,1,0
2020-07-06T00:00:00Z,Tottenham,Everton,1,0
2020-07-07T00:00:00Z,Crystal Palace,Chelsea,2,3
2020-07-07T00:00:00Z,Watford,Norwich,2,1
2020-07-07T00:00:00Z,Arsenal,Leicester,1,1
2020-07-08T00:00:00Z,Man City,Newcastle,5,0
2020-07-08T00:00:00Z,Sheffield United,Wolves,1,0
2020-07-08T00:00:00Z,West Ham,Burnley,0,1
2020-07-08T00:00:00Z,Brighton,Liverpool,1,3
2020-07-09T00:00:00Z,Bournemouth,Tottenham,0,0
2020-07-09T00:00:00Z,Everton,Southampton,1,1
2020-07-09T00:00:00Z,Aston Villa,Man United,0,3
2020-07-11T00:00:00Z,Norwich,West Ham,0,4
2020-07-11T00:00:00Z,Watford,Newcastle,2,1
2020-07-11T00:00:00Z,Liverpool,Burnley,1,1
2020-07-11T00:00:00Z,Sheffield United,Chelsea,3,0
2020-07-11T00:00:00Z,Brighton,Man City,0,5
2020-07-12T00:00:00Z,Wolves,Everton,3,0
2020-07-12T00:00:00Z,Aston Villa,Crystal Palace,2,0
2020-07-12T00:00:00Z,Tottenham,Arsenal,2,1
2020-07-12T00:00:00Z,Bournemouth,Leicester,4,1
2020-07-13T00:00:00Z,Man United,Southampton,2,2
2020-07-14T00:00:00Z,Chelsea,Norwich,1,0
2020-07-15T00:00:00Z,Burnley,Wolves,1,1
2020-07-15T00:00:00Z,Man City,Bournemouth,2,1
2020-07-15T00:00:00Z,Newcastle,Tottenham,1,3
2020-07-15T00:00:00Z,Arsenal,Liverpool,2,1
2020-07-16T00:00:00Z,Everton,Aston Villa,1,1
2020-07-16T00:00:00Z,Leicester,Sheffield United,2,0
2020-07-16T00:00:00Z,Crystal Palace,Man United,0,2
2020-07-16T00:00:00Z,Southampton,Brighton,1,1
2020-07-17T00:00:00Z,West Ham,Watford,3,1
2020-07-18T00:00:00Z,Norwich,Burnley,0,2
2020-07-19T00:00:00Z,Bournemouth,Southampton,0,2
2020-07-19T00:00:00Z,Tottenham,Leicester,3,0
2020-07-20T00:00:00Z,Brighton,Newcastle,0,0
2020-07-20T00:00:00Z,Sheffield United,Everton,0,1
2020-07-20T00:00:00Z,Wolves,Crystal Palace,2,0
2020-07-21T00:00:00Z,Watford,Man City,0,4
2020-07-21T00:00:00Z,Aston Villa,Arsenal,1,0
2020-07-22T00:00:00Z,Man United,West Ham,1,1
2020-07-22T00:00:00Z,Liverpool,Chelsea,5,3
2020-07-26T00:00:00Z,Arsenal,Watford,3,2
2020-07-26T00:00:00Z,Burnley,Brighton,1,2
2020-07-26T00:00:00Z,Chelsea,Wolves,2,0
2020-07-26T00:00:00Z,Crystal Palace,Tottenham,1,1
2020-07-26T00:00:00Z,Everton,Bournemouth,1,3
2020-07-26T00:00:00Z,Leicester,Man United,0,2
2020-07-26T00:00:00Z,Man City,Norwich,5,0
2020-07-26T00:00:00Z,Newcastle,Liverpool,1,3
2020-07-26T00:00:00Z,Southampton,Sheffield United,3,1
2020-07-26T00:00:00Z,West Ham,Aston Villa,1,1
